-- phpMyAdmin SQL Dump
-- version 5.0.3
-- https://www.phpmyadmin.net/
--
-- Host: 127.0.0.1
-- Generation Time: Mar 16, 2022 at 06:26 PM
-- Server version: 10.4.14-MariaDB
-- PHP Version: 7.2.34

SET SQL_MODE = "NO_AUTO_VALUE_ON_ZERO";
START TRANSACTION;
SET time_zone = "+00:00";


/*!40101 SET @OLD_CHARACTER_SET_CLIENT=@@CHARACTER_SET_CLIENT */;
/*!40101 SET @OLD_CHARACTER_SET_RESULTS=@@CHARACTER_SET_RESULTS */;
/*!40101 SET @OLD_COLLATION_CONNECTION=@@COLLATION_CONNECTION */;
/*!40101 SET NAMES utf8mb4 */;

--
-- Database: `ssza`
--

-- --------------------------------------------------------

--
-- Table structure for table `app_data`
--

CREATE TABLE `app_data` (
  `id` int(10) NOT NULL,
  `app_name` varchar(100) NOT NULL,
  `app_phone` varchar(32) NOT NULL,
  `app_phone2` varchar(20) NOT NULL,
  `app_phone3` varchar(20) NOT NULL,
  `app_email` varchar(50) NOT NULL,
  `logo` varchar(200) NOT NULL,
  `favicon` varchar(200) NOT NULL,
  `app_address` varchar(1000) NOT NULL,
  `time` datetime NOT NULL DEFAULT current_timestamp()
) ENGINE=InnoDB DEFAULT CHARSET=utf8mb4;

--
-- Dumping data for table `app_data`
--

INSERT INTO `app_data` (`id`, `app_name`, `app_phone`, `app_phone2`, `app_phone3`, `app_email`, `logo`, `favicon`, `app_address`, `time`) VALUES
(1, 'Salman Sarwar Zari Industry', '03004008893', '03004008893', '03016291019', 'sszaindustry@gmail.com', '5bbc11538d181f659551dbdc287e1ae3.png', 'a1fe4720806862d9c049006f3bc807c2.png', 'Madhrianwala Chowk By Pass, Hafizabad 52110', '2021-09-09 23:25:23');

-- --------------------------------------------------------

--
-- Table structure for table `attendance`
--

CREATE TABLE `attendance` (
  `id` int(11) NOT NULL,
  `staff_id` int(11) NOT NULL,
  `presence` varchar(10) NOT NULL,
  `date` varchar(20) NOT NULL,
  `created_at` datetime NOT NULL DEFAULT current_timestamp()
) ENGINE=MyISAM DEFAULT CHARSET=utf8;

--
-- Dumping data for table `attendance`
--

INSERT INTO `attendance` (`id`, `staff_id`, `presence`, `date`, `created_at`) VALUES
(1, 2, 'P', '2022-03-04', '2022-03-04 20:14:57'),
(2, 3, 'P', '2022-03-04', '2022-03-04 20:14:57'),
(0, 2, 'A', '2022-03-14', '2022-03-14 11:11:25');

-- --------------------------------------------------------

--
-- Table structure for table `contact_book`
--

CREATE TABLE `contact_book` (
  `id` int(10) NOT NULL,
  `customer_id` int(10) DEFAULT NULL,
  `supplier_id` int(10) DEFAULT NULL,
  `name` varchar(32) NOT NULL,
  `contact` varchar(11) NOT NULL,
  `contact2` varchar(11) NOT NULL,
  `contact3` varchar(11) NOT NULL,
  `whatsapp_no` varchar(15) NOT NULL,
  `picture` varchar(100) NOT NULL,
  `detail` varchar(400) NOT NULL,
  `time` datetime NOT NULL DEFAULT current_timestamp()
) ENGINE=InnoDB DEFAULT CHARSET=utf8mb4;

--
-- Dumping data for table `contact_book`
--

INSERT INTO `contact_book` (`id`, `customer_id`, `supplier_id`, `name`, `contact`, `contact2`, `contact3`, `whatsapp_no`, `picture`, `detail`, `time`) VALUES
(2, NULL, NULL, 'Muhammad Awais ssss', '32112', '2', '32112', '1231', '0236d39b38d3266209ce123a2fab0b85.jpg', '12w1', '2022-02-23 17:16:56');

-- --------------------------------------------------------

--
-- Table structure for table `customer`
--

CREATE TABLE `customer` (
  `customer_id` int(10) NOT NULL,
  `customer_name` varchar(32) NOT NULL,
  `customer_contact` varchar(32) NOT NULL,
  `customer_contact2` varchar(16) NOT NULL,
  `customer_contact3` varchar(16) NOT NULL,
  `whatsapp_no` varchar(16) NOT NULL,
  `previous_balance` varchar(100) NOT NULL,
  `customer_address` varchar(100) NOT NULL,
  `time` datetime NOT NULL DEFAULT current_timestamp()
) ENGINE=InnoDB DEFAULT CHARSET=utf8mb4;

--
-- Dumping data for table `customer`
--

INSERT INTO `customer` (`customer_id`, `customer_name`, `customer_contact`, `customer_contact2`, `customer_contact3`, `whatsapp_no`, `previous_balance`, `customer_address`, `time`) VALUES
(1, 'Taiba Industry', '03008900901', '', '', '', '', '', '2022-03-06 11:04:22'),
(2, 'Muhammad Arif', '111', '222', '333', '2323', '223', 'Sukheki Mandi', '2021-09-27 05:59:54'),
(3, 'Nasrullah', '03066610965', '22', '2223333', '3333222', '2222', '', '2021-09-27 06:13:13'),
(4, 'Habib ullah', '03216266282', '', '', '', '', 'Ali pur road', '2021-09-27 06:17:28'),
(5, 'Munawar Hussain', '03035453986', '', '', '', '', 'jalalpur', '2021-09-27 06:21:11'),
(6, 'Akram', '03008175227', '', '', '', '', 'jalalpur', '2021-09-27 06:26:07'),
(7, 'Khuram Butt', '03226507790', '', '', '', '', 'Hafizabad', '2021-09-27 06:37:06'),
(8, 'Haji Qurban', '03446062300', '', '', '', '', '', '2021-09-27 07:15:49'),
(9, 'Madina oil store', '0300123466789', '', '', '', '', 'sargodha road', '2021-09-27 08:31:24'),
(10, 'Rehman Auto', '03434130144', '', '', '', '', 'ghora chowke hafizabad', '2021-09-27 08:32:37'),
(11, 'Rana Gulzar ', '03217541039', '', '', '', '', 'jalalpur masco chowke', '2021-09-27 08:33:33'),
(12, 'Al Raza Auto', '03005146870', '', '', '', '', 'jalalpur pindi bhattiya road', '2021-09-27 08:34:50'),
(13, 'Shafqat Auto', '03073384424', '', '', '', '', 'sukheki mandi pindi bhattiya road', '2021-09-27 08:35:38'),
(14, 'Ehsan Moter workshop', '03454799172', '', '', '', '', 'sargodha road hafizabad', '2021-09-27 08:36:41'),
(15, 'Dubai Autos', '03212148603', '', '', '', '', 'sargodha road hafizabad', '2021-09-27 08:37:40'),
(16, 'Bissmillah Auto workshop', '03413426119', '', '', '', '', 'hafizabad', '2021-09-27 08:38:27'),
(17, 'Najam Auto', '03026244974', '', '', '', '', 'jinnah  chowke hafizabad\r\n', '2021-09-27 08:39:08'),
(18, 'Hafiz Auto', '03007529335', '', '', '', '', 'jinnah chowke hafizabad', '2021-09-27 08:39:53'),
(19, 'islam Auto', '03226504437', '', '', '', '', 'jinnah chowke hafizabad', '2021-09-27 08:43:15'),
(20, 'Ali Auto', '03007526462', '', '', '', '', 'jinnah chowke hafizabad', '2021-09-27 08:44:08'),
(21, 'Yaseen Auto', '03470676756', '', '', '', '', 'jinnah chowke hafizabad', '2021-09-27 08:45:13'),
(22, 'AL rehman Auto', '03434602324', '', '', '', '', 'jinnah chowke hafizabad', '2021-09-27 08:45:55'),
(23, 'nasir radiator', '03216420850', '', '', '', '', 'jinnah chowke hafizabad', '2021-09-27 08:46:39'),
(24, 'Location auto', '03226500856', '', '', '', '', 'jinaah chowke hafizabad', '2021-09-27 08:47:23'),
(25, 'AL Madina oil store', '03006523169', '', '', '', '', 'jinnah chowke hafizabad', '2021-09-27 08:48:13'),
(26, 'Bissmillah oil store', '03216523291', '', '', '', '', 'jinaah chowke hafizabad', '2021-09-27 08:49:13'),
(27, 'Sadiq moter workshop', '03006525115', '', '', '', '', 'jalalpur road hafizabad', '2021-09-27 08:49:54'),
(28, 'Rana Auto', '03034953615', '', '', '', '', 'sargodha road hafizabad', '2021-09-27 08:50:34'),
(29, 'auto park', '03026521115', '', '', '', '', 'sargodha road hafizabad', '2021-09-27 08:51:28'),
(30, 'azam auto', '03448400979', '', '', '', '', 'sargodha road hafizabad', '2021-09-27 08:52:08'),
(31, 'Tariq radiator', '03001111111111', '', '', '', '', 'jinnah chowke hafizabad', '2021-09-27 08:52:42'),
(32, 'Akraam Autos', '0300000000000', '', '', '', '', 'jinnah chowke hafizabad', '2021-09-27 08:53:29'),
(33, 'mubeen auto', '03000000000000000', '', '', '', '', 'jinnah chowke hafizabad', '2021-09-27 08:54:08'),
(34, 'bilal auto', '033333333333333', '', '', '', '', 'jinnah chowke hafizabad', '2021-09-27 08:54:38'),
(35, 'Tahir auto', '03106563252', '', '', '', '', 'sargodha road hafizabad', '2021-09-27 08:55:16'),
(36, 'ayan auto', '03217308995', '', '', '', '', 'jalalpur road hafizabad', '2021-09-27 08:55:57'),
(37, 'qamar moter workshop', '03004646512', '', '', '', '', 'jalalpur', '2021-09-27 08:56:43'),
(38, 'niaz auto supply', '000000000000', '', '', '', '', '', '2021-09-27 08:57:23'),
(39, 'riasat auto', '03000000000000', '', '', '', '', '', '2021-09-27 08:57:49'),
(40, 'tanveer auto', '03450985181', '', '', '', '', '', '2021-09-27 08:58:42'),
(41, 'Al jannat auto', '03248781716', '', '', '', '', '', '2021-09-27 08:59:08'),
(42, 'fiaz gallani auto', '03000000000000000', '', '', '', '', '', '2021-09-27 08:59:35'),
(43, 'Muazzam Pe cup', '03246291004', '', '', '', '', 'Hafizabad', '2021-09-28 05:05:03'),
(44, 'safiyan', '03000000000000', '', '', '', '', '', '2021-09-29 02:57:15'),
(45, 'cultus 4203', '03000000000', '', '', '', '', '', '2021-09-29 03:03:23'),
(46, 'Noni kasoki', '03466195303', '', '', '', '', '', '2021-09-29 03:07:17'),
(47, 'zeheer', '03001212975', '', '', '', '', '', '2021-09-29 03:09:45'),
(48, 'awais', '03406224477', '', '', '', '', '', '2021-09-29 07:17:29'),
(49, 'wajid butt', '03454698713', '', '', '', '', '', '2021-09-29 07:20:53'),
(50, 'wajid Ali', '03999999999', '', '', '', '', 'rasoolpur', '2021-09-29 07:33:11'),
(51, 'baber javad', '030000000', '', '', '', '', 'Hafizabad', '2021-09-29 07:36:10'),
(52, 'ahmed faraz', '03494305012', '', '', '', '', '', '2021-09-29 07:38:48'),
(53, 'Malik Arshad', '03463236900', '', '', '', '', 'kot momin', '2021-09-29 07:43:51'),
(54, 'haji nazeer', '03434589014', '', '', '', '', '', '2021-09-29 07:46:55'),
(55, 'uncle yaqoob', '030000000', '', '', '', '', 'kot momin', '2021-09-29 08:09:04'),
(56, 'Ustad Maalik', '0300000000', '', '', '', '', 'kasoki', '2021-09-29 08:10:46'),
(57, 'ali hassan', '030000000', '', '', '', '', 'kasoki', '2021-09-29 08:13:54'),
(58, 'sameer ', '03472672300', '', '', '', '', 'kasoki', '2021-09-29 08:16:51'),
(59, 'malik waheed', '0300000000', '', '', '', '', 'HAFIZABAD', '2021-09-29 08:23:11'),
(60, 'charag', '03000000', '', '', '', '', 'kot momin', '2021-09-29 08:28:59'),
(61, 'rana hafeez ali pur', '03006494931', '', '', '', '', '', '2021-09-30 08:04:08'),
(62, 'muzamil', '03000000000', '', '', '', '', '', '2021-09-30 09:54:08'),
(63, 'pervaz bhatti', '03455899875', '', '', '', '', '', '2021-09-30 10:09:56'),
(64, 'Bao Muzmal', '03474611311', '', '', '', '', 'Warkshop HAfizabad', '2021-10-03 01:20:04'),
(65, 'Good Luck Auto', '03484367921', '', '', '', '', 'OppGovt Science College', '2021-10-03 05:11:09'),
(66, 'chishti Auto ', '03137832567', '', '', '', '', 'Ali pur chatta G.T.i Chowak ', '2021-10-03 05:22:02'),
(67, 'General Auto', '0300000000000', '', '', '', '', '', '2021-10-03 05:38:40'),
(68, 'saqlain Auto', '030000000000', '', '', '', '', '', '2021-10-03 05:43:09'),
(69, 'nimra auto', '03006467251', '', '', '', '', '', '2021-10-03 05:43:42'),
(70, 'Razzaq Auto', '03437646192', '', '', '', '', 'ALi puer CHatha', '2021-10-03 05:48:03'),
(71, 'niko car moter workshop', '030000000', '', '', '', '', 'alipur', '2021-10-03 06:35:10'),
(72, 'Malik Zikria', '03000000', '', '', '', '', '', '2021-10-03 08:02:12'),
(73, 'Fiaz chak diwana', '0300000', '', '', '', '', '', '2021-10-03 08:02:40'),
(74, 'Hafiz Fasih', '03484731574', '', '', '', '', 'rashid pura jalalpur road hafizabad', '2021-10-04 02:41:18'),
(75, 'Muhammad Arshad', '03247902658', '', '', '', '', 'solgi awan Hafizabad', '2021-10-04 03:33:48'),
(76, 'chacha Riaz', '03000000000', '', '', '', '', 'dera bhadur', '2021-10-04 06:46:06'),
(77, 'sir imran', '03006521550', '', '', '', '', 'jalalpur road hafizabad', '2021-10-05 06:51:21'),
(78, 'Haider Shah', '03456368344', '', '', '', '', 'Shahjamal', '2021-10-05 07:53:42'),
(79, 'waseem lhr', '03214546146', '', '', '', '', 'lahore', '2021-10-06 05:29:10'),
(80, 'tanveer Auto sargodha road', '03207241240', '', '', '', '', '', '2021-10-06 06:01:10'),
(81, 'Arain Auto', '030000000000000', '', '', '', '', 'jalalpur bhattiyan', '2021-10-06 06:56:24'),
(82, 'khalid Mehmood', '03464074528', '', '', '', '', 'joriyan', '2021-10-06 08:14:21'),
(83, 'ibrahim trader\'s', '03328454300', '', '', '', '', 'alipur', '2021-10-06 08:40:11'),
(84, 'Hafiz linemant', '03026442112', '', '', '', '', 'Sargodha Road Hafizabad', '2021-10-07 10:02:12'),
(85, 'Baba younis', '03000000000', '', '', '', '', 'Hafizabad', '2021-10-09 03:28:04'),
(86, 'Munir malik ', '0300000000', '', '', '', '', '', '2021-10-09 04:04:04'),
(87, 'awais tatha gondal', '030000012', '', '', '', '', 'tatha gondal hafizabad', '2021-10-11 07:12:08'),
(88, 'Muhammad Hussain kasoki', '0300000000', '', '', '', '', 'kasoki hafizabad', '2021-10-12 04:06:31'),
(89, 'Rizwan hussain', '03218103647', '', '', '', '', 'jhaniya islamiya hafizabad', '2021-10-12 05:26:04'),
(90, 'Moeed Auto', '03466877736', '', '', '', '', 'Gujrat', '2021-10-12 10:00:17'),
(91, 'Samra Autos', '0300000000', '', '', '', '', 'wazeerabad', '2021-10-12 10:01:22'),
(92, 'Tariq shahzad', '03477663304', '', '', '', '', 'hafizabad', '2021-10-13 05:48:56'),
(93, 'Muhammad Malik kasoki', '03424532973', '', '', '', '', 'kasoki hafizabad', '2021-10-14 05:01:21'),
(94, 'muzamil tatha sardara\'n', '03440130854', '', '', '', '', 'tatha sardara\'n hafizabad', '2021-10-14 05:10:01'),
(95, 'sahgal auto', '03000000000', '', '', '', '', 'alipur', '2021-10-14 10:17:52'),
(96, 'Haji Abdul ghani auto', '030000000000', '', '', '', '', 'wazeerabad', '2021-10-14 10:19:18'),
(97, 'Ch oil trader\'s', '03000000000', '', '', '', '', 'wazeerabad', '2021-10-14 10:19:52'),
(98, 'Akhater Dodyal', '03216567777', '', '', '', '', 'hafizabad  girja chowk', '2021-10-16 12:06:24'),
(99, 'basit Hussain', '03326128911', '', '', '', '', 'Ali chowke hafizabad', '2021-10-17 04:53:59'),
(100, 'Abdul Gafoor Auto', '0300000000000000', '', '', '', '', 'wazirabad', '2021-10-20 09:38:42'),
(101, '786 Moter workshop', '030000000', '', '', '', '', '', '2021-10-20 09:42:13'),
(102, 'Ashraf Chatta', '03000000000', '', '', '', '', 'wazirabad', '2021-10-20 09:51:03'),
(103, 'Naeem highroof', '03006522957', '', '', '', '', '', '2021-10-20 09:56:44'),
(104, 'altaf lain mint ', '03462130434', '', '', '', '', 'bag rod hafiz abad', '2021-10-21 04:42:56'),
(105, 'amar but', '03456982027', '', '', '', '', 'joriyan', '2021-10-23 07:00:17'),
(106, 'm arshad everi', '03006525204', '', '', '', '', 'kaso ki rod ', '2021-10-24 04:59:00'),
(107, 'qasir adnan', '03234444666', '', '', '', '', 'rasool pur', '2021-10-24 07:26:42'),
(108, 'adeel sb ', '03048085985', '', '', '', '', 'sb sing', '2021-10-26 04:20:03'),
(109, 'rana ijaz', '03034507920', '', '', '', '', 'hunjranwala', '2021-10-26 04:26:33'),
(110, 'imran bahi', '03466234175', '', '', '', '', 'kaso ki', '2021-10-26 05:55:35'),
(111, 'mumtaz ali b,nam faiz', '03016886967', '', '', '', '', '', '2021-10-27 09:30:12'),
(112, 'chand sistar', '03248629561', '', '', '', '', 'banjar pind', '2021-10-27 09:31:51'),
(113, 'Asif bhatti', '0300000000', '', '', '', '', '', '2021-10-27 10:08:22'),
(114, 'qari naveed', '0345', '', '', '', '', 'kaso ki', '2021-10-30 08:45:39'),
(115, 'haji mehmood', '0300000000000000', '', '', '', '', 'kot hassan khan', '2021-10-30 10:23:01'),
(116, 'Malik Zohaib', '0300000000000', '', '', '', '', 'hafizabad', '2021-10-30 10:27:19'),
(117, 'Bilal ALFA', '030000000', '', '', '', '', 'lahore', '2021-10-30 10:51:22'),
(118, 'Rai Arshad', '03006520876', '', '', '', '', 'kaly ki mendi hafizabad', '2021-10-30 11:09:51'),
(119, 'munir rasoolpur', '03216654333', '', '', '', '', 'rasoolpur tarar hafizabad', '2021-10-30 11:31:55'),
(120, 'M Nasir', '03002590555', '', '', '', '', 'walgan bakhsha hafizabad', '2021-10-30 11:36:18'),
(121, 'Saif Ali ', '03447080793', '', '', '', '', 'Nothain Hfizabad', '2021-10-31 02:26:01'),
(122, 'rashid auto', '03003210206', '', '', '', '', '', '2021-10-31 08:06:42'),
(123, 'ustad riasat mistri', '03216418724', '', '', '', '', 'jina chok Hfz  ', '2021-11-01 03:26:20'),
(124, 'kashif Hfd', '03006583938', '', '', '', '', 'Hafizabad', '2021-11-01 09:34:01'),
(125, 'AL Husain Boh Stove ', '03000000000', '', '', '', '', 'Ali puer Chatha ', '2021-11-03 05:42:34'),
(126, 'Ali abdullah', '03000000000000', '', '', '', '', '', '2021-11-03 09:47:24'),
(127, 'Waqas Honda Atlas oil', '03458000012', '', '', '', '', 'hafizabad', '2021-11-04 10:51:53'),
(128, 'Bilal Rent car', '03448435237', '', '', '', '', 'hafizabad', '2021-11-04 10:54:54'),
(129, 'Umair Ahmed.bename Amir butt', '03461658070', '', '', '', '', 'joriyan', '2021-11-16 09:39:52'),
(130, 'sikandar kot laddah', '03000885280', '', '', '', '', 'hafizabad', '2021-11-17 08:49:34'),
(131, 'Rashid mughal kasoki', '03474132815', '', '', '', '', 'kasoki hafizabad', '2021-11-18 09:14:42'),
(132, 'haseeb awan kot hassan khan', '03006524090', '', '', '', '', 'kot hassan khan hafizabad', '2021-11-18 10:09:03'),
(133, 'Saad Auto', '03446571747', '', '', '', '', 'Jinnah chook  Hafizabad', '2021-12-09 07:51:25'),
(134, 'Allah Maalk Auto', '03078505804', '', '', '', '', 'sukheke Mandi pindi bhattiya road', '2021-12-15 06:21:05'),
(135, '786 Auto Kalay ke ', '03020047147', '', '', '', '', 'kalay ke Mandi ', '2021-12-22 07:43:13'),
(136, 'pak madina Auto', '03137800028', '', '', '', '', 'Jhena chowak HAfizabad', '2021-12-23 06:55:31'),
(137, 'AL husaine Al husain auto', '03084432730', '', '', '', '', 'sukheki mandi pindi bhattiya road', '2021-12-29 06:56:35'),
(138, 'AL Baarkat Auto', '03431833801', '', '', '', '', 'sargodha road hafizabad', '2021-12-30 06:29:50'),
(139, 'imtaiz Auto', '03448416431', '', '', '', '', 'jhena chook hafizabad', '2022-01-06 06:19:09'),
(140, 'bissmillah battre auto', '00000300000000', '', '', '', '', 'jhena chook Hafizabad', '2022-01-20 07:16:26'),
(141, 'Usman auto ', '030000000000000', '', '', '', '', 'jhena chook Hafizabad', '2022-01-20 07:17:09'),
(142, 'Bilal ALFA', '03000000000000000', '', '', '', '', 'Lahore ALFA PaK', '2022-02-10 10:30:55'),
(143, 'salman', '1', '2', '3', '4', '', 'asc', '2022-02-23 16:26:05'),
(144, 'Salman Bhatti', '03001234567', '03451234567', '03331234567', '03211234567', '90', 'Kasso ki road, Near Kasso ki By pas, Hafizabad', '2022-02-27 10:02:52');

-- --------------------------------------------------------

--
-- Table structure for table `customer_payment`
--

CREATE TABLE `customer_payment` (
  `payment_id` int(10) NOT NULL,
  `customer_id` int(10) NOT NULL,
  `amount` int(15) NOT NULL,
  `ref` varchar(20) NOT NULL,
  `detail` varchar(1500) NOT NULL,
  `date` date NOT NULL DEFAULT current_timestamp()
) ENGINE=InnoDB DEFAULT CHARSET=utf8mb4;

--
-- Dumping data for table `customer_payment`
--

INSERT INTO `customer_payment` (`payment_id`, `customer_id`, `amount`, `ref`, `detail`, `date`) VALUES
(2, 12, 9036, '204', 'baki paisy  15 din bad', '2021-12-13'),
(3, 9, 4000, '348', '', '2021-12-13'),
(4, 10, 288, '465', '', '2021-12-13'),
(5, 11, 4500, '', '', '2021-12-13'),
(6, 26, 1880, '402', '', '2021-12-13'),
(7, 15, 3650, '2021-10-21', '', '2021-12-14'),
(8, 25, 1648, '2021-12-02', '', '2021-12-14'),
(9, 18, 32, '2021-10-14', '', '2021-12-14'),
(10, 20, 1310, '263', '', '2021-12-14'),
(11, 21, 2990, '2021-11-18', '', '2021-12-14'),
(12, 22, 11860, '45', '', '2021-12-14'),
(13, 24, 14677, '2021-12-02', '', '2021-12-14'),
(14, 35, 1000, '2021-12-02', '', '2021-12-14'),
(15, 36, 5000, '2021-12-02', '', '2021-12-14'),
(16, 39, 1120, '2021-12-02', '', '2021-12-14'),
(17, 40, 2372, '2021-12-02', '', '2021-12-14'),
(18, 83, 83500, '2021-12-14', '', '2021-12-14'),
(19, 11, 1000, '2021-15-12', '', '2021-12-15'),
(20, 13, 1000, '2021-12-16', '', '2021-12-16'),
(21, 30, 1500, '2021-12-16', '', '2021-12-16'),
(22, 132, 2730, '2021-12-16', '', '2021-12-16'),
(23, 28, 3000, '2021-12-16', '', '2021-12-16'),
(24, 26, 4000, '2021-12-23', '', '2021-12-23'),
(25, 40, 3000, '2021-12-23', '', '2021-12-23'),
(26, 16, 4000, '2021-12-23', '', '2021-12-23'),
(27, 23, 500, '2021-12-23', '', '2021-12-23'),
(28, 27, 2000, '2021-12-23', '', '2021-12-23'),
(29, 132, 3000, '2021-12-16', '', '2021-12-23'),
(30, 11, 2000, '2021-12-29', '', '2021-12-29'),
(31, 132, 2000, '2021-12-30', '', '2021-12-30'),
(32, 135, 5000, '2-1-2022', '', '2022-01-02'),
(33, 26, 5000, '1-6-2022', '', '2022-01-06'),
(34, 31, 1000, '1-6-2022', '', '2022-01-06'),
(35, 16, 1500, '1-6-2022', '', '2022-01-06'),
(36, 19, 2000, '1-6-2022', '', '2022-01-06'),
(37, 25, 1000, '1-6-2022', '', '2022-01-06'),
(38, 10, 1000, '1-12-2022', '', '2022-01-12'),
(39, 137, 3000, '1-13-2022', '', '2022-01-13'),
(40, 31, 1000, '1/20/2022', '', '2022-01-20'),
(41, 135, 2000, '1/20/2022', '', '2022-01-20'),
(42, 138, 1750, '1/20/2022', '', '2022-01-20'),
(43, 138, 1750, '1/20/2022', '', '2022-01-20'),
(44, 24, 2000, '1/20/2022', '', '2022-01-20'),
(45, 30, 1200, '1/20/2022', '', '2022-01-20'),
(46, 25, 1000, '1/20/2022', '', '2022-01-20'),
(47, 132, 2000, '1/20/2022', '', '2022-01-20'),
(48, 9, 5000, '1/20/2022', '', '2022-01-20'),
(49, 12, 5000, '1/26/2022', '', '2022-01-26'),
(50, 134, 2000, '1/26/2022', '', '2022-01-26'),
(51, 12, 5000, '2/2/2022', '', '2022-02-02'),
(52, 134, 2000, '2/2/2022', '', '2022-02-02'),
(53, 12, 5000, '2/9/2022', '', '2022-02-09'),
(54, 11, 2000, '2/9/2022', '', '2022-02-09'),
(56, 115, 21100, '15/2/2022', '', '2022-02-15'),
(57, 12, 41946, '16/2/2022', '', '2022-02-16'),
(58, 9, 2120, '17/2/2022', '', '2022-02-17'),
(59, 143, 50, 'ocjk', 'sv', '2022-02-27'),
(60, 143, 300, 'tst', '', '2022-03-01');

-- --------------------------------------------------------

--
-- Table structure for table `expense`
--

CREATE TABLE `expense` (
  `exp_id` int(10) NOT NULL,
  `heading` varchar(500) NOT NULL,
  `amount` varchar(1000) NOT NULL,
  `detail` varchar(100) NOT NULL,
  `date` date NOT NULL DEFAULT current_timestamp()
) ENGINE=InnoDB DEFAULT CHARSET=utf8mb4;

--
-- Dumping data for table `expense`
--

INSERT INTO `expense` (`exp_id`, `heading`, `amount`, `detail`, `date`) VALUES
(7, 'Testing expense', '8000', 'test', '2022-03-01');

-- --------------------------------------------------------

--
-- Table structure for table `income`
--

CREATE TABLE `income` (
  `inc_id` int(10) NOT NULL,
  `heading` varchar(500) NOT NULL,
  `amount` varchar(1000) NOT NULL,
  `detail` varchar(100) NOT NULL,
  `date` date NOT NULL DEFAULT current_timestamp()
) ENGINE=InnoDB DEFAULT CHARSET=utf8mb4;

--
-- Dumping data for table `income`
--

INSERT INTO `income` (`inc_id`, `heading`, `amount`, `detail`, `date`) VALUES
(9, 'Test update', '9000', 'jhjda pook', '2022-03-13');

-- --------------------------------------------------------

--
-- Table structure for table `modules`
--

CREATE TABLE `modules` (
  `module_id` int(11) NOT NULL,
  `module_name` varchar(50) NOT NULL,
  `module_slug` varchar(50) NOT NULL
) ENGINE=MyISAM DEFAULT CHARSET=utf8;

--
-- Dumping data for table `modules`
--

INSERT INTO `modules` (`module_id`, `module_name`, `module_slug`) VALUES
(1, 'Sales', 'sales'),
(2, 'Manufecturing', 'manufecturing'),
(3, 'Purchase', 'purchase'),
(4, 'Stock', 'stock'),
(5, 'Products', 'products'),
(6, 'Suppliers', 'suppliers'),
(7, 'Customers', 'customers'),
(8, 'Contact Book', 'contact_book'),
(9, 'Payments', 'payments'),
(10, 'Dues', 'dues'),
(11, 'Income', 'income'),
(12, 'Expense', 'expense'),
(13, 'Payroll', 'payroll'),
(14, 'Attendance', 'attendance'),
(15, 'Staff', 'staff'),
(16, 'Reports', 'reports'),
(17, 'Database Backup', 'db_backup'),
(18, 'Settings', 'settings');

-- --------------------------------------------------------

--
-- Table structure for table `orders`
--

CREATE TABLE `orders` (
  `order_id` int(10) NOT NULL,
  `customer_id` int(10) NOT NULL,
  `product_name` varchar(50) NOT NULL,
  `delivery_date` varchar(20) NOT NULL,
  `committed_price` varchar(10) NOT NULL,
  `advance` varchar(10) NOT NULL,
  `detail` longtext NOT NULL,
  `order_date` date NOT NULL DEFAULT current_timestamp()
) ENGINE=InnoDB DEFAULT CHARSET=utf8mb4;

--
-- Dumping data for table `orders`
--

INSERT INTO `orders` (`order_id`, `customer_id`, `product_name`, `delivery_date`, `committed_price`, `advance`, `detail`, `order_date`) VALUES
(2, 144, 'Traalli 4x4', '2022-03-20', '90000', '10000', 'test', '2022-03-13');

-- --------------------------------------------------------

--
-- Table structure for table `permissions`
--

CREATE TABLE `permissions` (
  `id` int(11) NOT NULL,
  `role_id` int(11) NOT NULL,
  `sb_id` int(11) NOT NULL,
  `is_add` tinyint(1) NOT NULL,
  `is_edit` tinyint(1) NOT NULL,
  `is_view` tinyint(1) NOT NULL,
  `is_delete` tinyint(1) NOT NULL,
  `status` tinyint(1) NOT NULL
) ENGINE=MyISAM DEFAULT CHARSET=utf8;

--
-- Dumping data for table `permissions`
--

INSERT INTO `permissions` (`id`, `role_id`, `sb_id`, `is_add`, `is_edit`, `is_view`, `is_delete`, `status`) VALUES
(1, 1, 1, 1, 1, 1, 0, 1),
(2, 1, 2, 1, 1, 1, 0, 1),
(3, 1, 3, 1, 1, 1, 0, 1),
(4, 1, 4, 0, 1, 1, 0, 1),
(5, 1, 5, 1, 1, 1, 1, 1),
(6, 1, 6, 1, 1, 1, 1, 1),
(7, 1, 7, 1, 1, 1, 1, 1),
(8, 1, 8, 0, 1, 1, 0, 1),
(9, 1, 64, 0, 1, 0, 0, 1),
(10, 1, 65, 0, 0, 1, 0, 1),
(11, 1, 63, 0, 1, 1, 0, 1),
(12, 1, 10, 1, 1, 1, 1, 1),
(13, 1, 11, 1, 1, 1, 1, 1),
(14, 1, 12, 1, 1, 1, 1, 1),
(15, 1, 14, 1, 1, 1, 1, 1),
(16, 1, 15, 1, 1, 1, 1, 1),
(17, 1, 16, 1, 1, 1, 1, 1),
(18, 1, 17, 1, 1, 1, 1, 1),
(19, 1, 18, 1, 1, 1, 1, 1),
(20, 1, 19, 1, 0, 1, 0, 1),
(21, 1, 20, 1, 1, 1, 1, 1),
(22, 1, 21, 1, 1, 1, 1, 1),
(23, 1, 23, 1, 1, 1, 0, 1),
(24, 1, 24, 1, 1, 1, 0, 1),
(25, 1, 25, 1, 1, 1, 0, 1),
(26, 1, 26, 1, 1, 1, 1, 1),
(27, 1, 27, 1, 1, 1, 1, 1),
(28, 1, 28, 1, 1, 1, 1, 1),
(29, 1, 29, 1, 1, 1, 1, 1),
(30, 1, 30, 1, 1, 1, 1, 1),
(31, 1, 31, 1, 1, 1, 1, 1),
(32, 1, 32, 1, 1, 1, 0, 1),
(33, 1, 33, 1, 1, 1, 0, 1),
(34, 1, 34, 1, 1, 1, 0, 1),
(35, 1, 35, 1, 1, 1, 0, 1),
(36, 1, 67, 1, 0, 1, 1, 1),
(37, 1, 68, 1, 0, 1, 1, 1),
(38, 1, 37, 1, 1, 1, 1, 1),
(39, 1, 38, 1, 0, 1, 1, 1),
(40, 1, 66, 1, 1, 1, 0, 1),
(41, 1, 40, 1, 1, 1, 1, 1),
(42, 1, 41, 1, 1, 1, 1, 1),
(43, 1, 42, 1, 0, 1, 1, 1),
(44, 1, 43, 1, 1, 1, 1, 1),
(45, 1, 44, 1, 1, 1, 1, 1),
(46, 1, 45, 1, 0, 1, 1, 1),
(47, 1, 46, 1, 1, 1, 1, 1),
(48, 1, 47, 1, 0, 1, 1, 1),
(49, 1, 48, 1, 0, 1, 1, 1),
(50, 1, 50, 1, 1, 1, 1, 1),
(51, 1, 51, 1, 1, 1, 1, 1),
(52, 1, 52, 1, 1, 1, 1, 1),
(53, 1, 53, 1, 1, 1, 1, 1),
(54, 1, 54, 1, 1, 1, 1, 1),
(55, 1, 55, 1, 1, 1, 1, 1),
(56, 1, 56, 1, 1, 1, 1, 1),
(57, 1, 57, 1, 1, 1, 1, 1),
(58, 1, 58, 1, 1, 1, 1, 1),
(59, 1, 59, 1, 1, 1, 1, 1),
(60, 1, 60, 1, 1, 1, 1, 1),
(61, 1, 61, 1, 0, 1, 0, 1),
(2517, 6, 173, 0, 0, 0, 0, 1),
(2516, 6, 172, 0, 0, 0, 0, 1),
(2515, 6, 171, 0, 0, 0, 0, 1),
(2514, 6, 170, 1, 1, 1, 0, 1),
(2513, 6, 165, 1, 1, 1, 0, 1),
(2512, 6, 159, 1, 1, 1, 0, 1),
(2511, 6, 158, 1, 1, 1, 0, 1),
(2510, 6, 157, 1, 1, 1, 0, 1),
(2509, 6, 152, 1, 1, 1, 0, 1),
(2508, 6, 151, 1, 1, 1, 0, 1),
(2507, 6, 150, 1, 1, 1, 0, 1),
(2506, 6, 144, 0, 0, 1, 0, 1),
(2505, 6, 143, 0, 0, 1, 0, 1),
(2504, 6, 142, 0, 0, 1, 0, 1),
(2503, 6, 131, 1, 0, 1, 0, 1),
(2502, 6, 130, 1, 0, 1, 0, 1),
(2501, 6, 106, 1, 0, 1, 0, 1),
(2500, 6, 105, 1, 0, 1, 0, 1),
(2499, 6, 78, 0, 0, 0, 0, 1),
(2498, 6, 76, 0, 0, 0, 0, 1),
(2497, 6, 75, 0, 0, 0, 0, 1),
(2496, 6, 104, 0, 0, 1, 0, 1),
(2495, 6, 77, 0, 0, 1, 0, 1),
(2494, 6, 74, 0, 0, 1, 0, 1),
(2493, 6, 73, 1, 0, 1, 0, 1),
(2492, 6, 72, 1, 0, 1, 0, 1),
(2491, 6, 71, 0, 0, 1, 0, 1),
(2490, 6, 70, 1, 1, 1, 0, 1),
(2489, 6, 169, 0, 0, 1, 0, 1),
(2488, 6, 168, 0, 0, 1, 0, 1),
(2487, 6, 167, 0, 0, 1, 0, 1),
(2486, 6, 166, 0, 0, 1, 0, 1),
(2485, 6, 162, 0, 0, 1, 0, 1),
(2484, 6, 161, 0, 0, 1, 0, 1),
(2483, 6, 153, 0, 0, 1, 0, 1),
(2482, 6, 145, 0, 0, 1, 0, 1),
(2481, 6, 141, 0, 0, 1, 0, 1),
(2480, 6, 140, 0, 0, 1, 0, 1),
(2479, 6, 139, 0, 0, 1, 0, 1),
(2478, 6, 138, 0, 0, 0, 0, 1),
(2477, 6, 137, 0, 0, 1, 0, 1),
(2476, 6, 136, 0, 0, 1, 0, 1),
(2475, 6, 135, 0, 0, 1, 0, 1),
(2474, 6, 134, 0, 0, 1, 0, 1),
(2473, 6, 133, 0, 0, 1, 0, 1),
(2472, 6, 129, 0, 0, 1, 0, 1),
(2471, 6, 128, 0, 0, 1, 0, 1),
(2470, 6, 127, 0, 0, 1, 0, 1),
(2469, 6, 126, 0, 0, 1, 0, 1),
(2468, 6, 125, 0, 0, 1, 0, 1),
(2467, 6, 124, 0, 0, 1, 0, 1),
(2466, 6, 123, 0, 0, 1, 0, 1),
(2465, 6, 122, 0, 0, 1, 0, 1),
(2464, 6, 121, 0, 0, 1, 0, 1),
(2463, 6, 120, 0, 0, 1, 0, 1),
(2462, 6, 119, 0, 0, 1, 0, 1),
(2461, 6, 118, 0, 0, 1, 0, 1),
(2460, 6, 117, 0, 0, 1, 0, 1),
(2459, 6, 116, 0, 0, 1, 0, 1),
(2458, 6, 115, 0, 0, 1, 0, 1),
(2457, 6, 114, 0, 0, 1, 0, 1),
(2456, 6, 113, 0, 0, 1, 0, 1),
(2455, 6, 112, 0, 0, 0, 0, 1),
(2454, 6, 111, 0, 0, 1, 0, 1),
(2453, 6, 110, 0, 0, 1, 0, 1),
(2452, 6, 109, 0, 0, 1, 0, 1),
(2451, 6, 108, 0, 0, 0, 0, 1),
(2450, 6, 107, 0, 0, 0, 0, 1),
(2449, 6, 62, 0, 0, 1, 0, 1),
(2448, 6, 163, 0, 0, 0, 0, 1),
(2447, 6, 160, 0, 0, 1, 0, 1),
(2446, 6, 156, 0, 0, 1, 0, 1),
(2445, 6, 155, 0, 0, 1, 0, 1),
(2444, 6, 147, 0, 0, 0, 0, 1),
(2443, 6, 146, 0, 0, 0, 0, 1),
(2442, 6, 99, 1, 0, 1, 0, 1),
(2441, 6, 98, 1, 0, 1, 0, 1),
(2440, 6, 97, 0, 0, 1, 0, 1),
(2439, 6, 96, 0, 0, 0, 0, 1),
(2438, 6, 61, 1, 0, 1, 0, 1),
(2437, 6, 60, 0, 0, 1, 0, 1),
(2436, 6, 59, 0, 0, 1, 0, 1),
(2435, 6, 58, 0, 0, 1, 0, 1),
(2434, 6, 57, 0, 0, 1, 0, 1),
(2433, 6, 56, 0, 0, 1, 0, 1),
(2432, 6, 54, 1, 0, 1, 0, 1),
(2431, 6, 53, 1, 0, 1, 0, 1),
(2430, 6, 52, 1, 0, 1, 0, 1),
(2429, 6, 51, 1, 0, 1, 0, 1),
(2428, 6, 50, 1, 0, 1, 0, 1),
(2427, 6, 69, 1, 0, 1, 0, 1),
(2426, 6, 48, 1, 0, 1, 0, 1),
(2425, 6, 47, 1, 0, 1, 0, 1),
(2424, 6, 45, 1, 0, 1, 0, 1),
(2423, 6, 44, 1, 0, 1, 0, 1),
(2422, 6, 43, 1, 0, 1, 0, 1),
(2421, 6, 42, 0, 0, 1, 0, 1),
(2420, 6, 41, 0, 0, 1, 0, 1),
(2419, 6, 40, 0, 0, 1, 0, 1),
(2418, 6, 66, 1, 0, 1, 0, 1),
(2417, 6, 38, 1, 0, 1, 0, 1),
(2416, 6, 37, 1, 0, 1, 0, 1),
(2415, 6, 95, 0, 0, 1, 0, 1),
(2414, 6, 94, 1, 0, 1, 0, 1),
(2413, 6, 93, 1, 0, 1, 0, 1),
(2412, 6, 92, 0, 0, 1, 0, 1),
(2411, 6, 91, 1, 1, 1, 0, 1),
(2410, 6, 90, 1, 1, 1, 0, 1),
(2409, 6, 68, 1, 0, 1, 0, 1),
(2408, 6, 67, 1, 0, 1, 0, 1),
(2407, 6, 35, 1, 1, 1, 0, 1),
(2406, 6, 34, 1, 1, 1, 0, 1),
(2405, 6, 33, 1, 1, 1, 0, 1),
(2404, 6, 132, 1, 0, 1, 0, 1),
(2403, 6, 32, 1, 0, 1, 0, 1),
(2402, 6, 31, 1, 0, 1, 0, 1),
(2401, 6, 30, 1, 0, 1, 0, 1),
(2400, 6, 29, 1, 0, 1, 0, 1),
(2399, 6, 28, 1, 0, 1, 0, 1),
(2398, 6, 26, 1, 0, 1, 0, 1),
(2397, 6, 164, 0, 0, 1, 0, 1),
(2396, 6, 89, 1, 0, 1, 0, 1),
(2395, 6, 88, 1, 0, 1, 0, 1),
(2394, 6, 25, 1, 0, 1, 0, 1),
(2393, 6, 24, 1, 0, 1, 0, 1),
(2392, 6, 23, 1, 0, 1, 0, 1),
(2391, 6, 87, 0, 0, 1, 0, 1),
(2390, 6, 86, 0, 0, 1, 0, 1),
(2389, 6, 21, 0, 0, 1, 0, 1),
(2388, 6, 102, 0, 0, 1, 0, 1),
(2387, 6, 20, 0, 0, 1, 0, 1),
(2386, 6, 19, 0, 0, 1, 0, 1),
(2385, 6, 18, 1, 0, 1, 0, 1),
(2384, 6, 17, 0, 0, 1, 0, 1),
(2383, 6, 16, 0, 0, 1, 0, 1),
(2382, 6, 15, 0, 0, 1, 0, 1),
(2381, 6, 14, 0, 0, 1, 0, 1),
(2380, 6, 12, 1, 1, 1, 1, 1),
(2379, 6, 11, 0, 0, 1, 0, 1),
(2378, 6, 10, 0, 0, 1, 0, 1),
(2377, 6, 103, 0, 0, 1, 0, 1),
(2376, 6, 101, 0, 0, 1, 0, 1),
(2375, 6, 100, 0, 0, 0, 0, 1),
(2374, 6, 85, 0, 0, 1, 0, 1),
(2373, 6, 84, 1, 0, 1, 0, 1),
(2372, 6, 83, 1, 0, 1, 0, 1),
(2371, 6, 82, 0, 0, 1, 0, 1),
(2370, 6, 81, 0, 0, 0, 0, 1),
(2369, 6, 79, 0, 0, 1, 0, 1),
(2368, 6, 63, 0, 0, 0, 0, 1),
(2367, 6, 65, 0, 0, 0, 0, 1),
(2366, 6, 64, 0, 0, 0, 0, 1),
(2365, 6, 8, 0, 0, 0, 0, 1),
(2364, 6, 7, 0, 0, 0, 0, 1),
(2363, 6, 6, 0, 0, 1, 0, 1),
(2362, 6, 5, 0, 0, 1, 0, 1),
(2361, 6, 4, 0, 0, 1, 0, 1),
(2360, 6, 3, 0, 0, 1, 0, 1),
(2359, 6, 2, 0, 0, 1, 0, 1),
(2358, 6, 1, 0, 0, 1, 0, 1),
(2357, 10, 173, 0, 0, 0, 0, 1),
(2356, 10, 172, 0, 0, 0, 0, 1),
(2355, 10, 171, 0, 0, 0, 0, 1),
(2354, 10, 170, 1, 1, 1, 0, 1),
(2353, 10, 165, 1, 1, 1, 0, 1),
(2352, 10, 159, 1, 1, 1, 0, 1),
(2351, 10, 158, 1, 1, 1, 0, 1),
(2350, 10, 157, 1, 1, 1, 0, 1),
(2349, 10, 152, 1, 1, 1, 0, 1),
(2348, 10, 151, 1, 1, 1, 0, 1),
(2347, 10, 150, 1, 1, 1, 0, 1),
(2346, 10, 144, 0, 0, 1, 0, 1),
(2345, 10, 143, 0, 0, 1, 0, 1),
(2344, 10, 142, 0, 0, 1, 0, 1),
(2343, 10, 131, 1, 0, 1, 0, 1),
(2342, 10, 130, 1, 0, 1, 0, 1),
(2341, 10, 106, 1, 1, 1, 0, 1),
(2340, 10, 105, 1, 1, 1, 0, 1),
(2339, 10, 78, 0, 0, 0, 0, 1),
(2338, 10, 76, 0, 0, 0, 0, 1),
(2337, 10, 75, 0, 0, 0, 0, 1),
(2336, 10, 104, 0, 0, 1, 0, 1),
(2335, 10, 77, 0, 0, 1, 0, 1),
(2334, 10, 74, 0, 0, 1, 0, 1),
(2333, 10, 73, 0, 0, 1, 0, 1),
(2332, 10, 72, 0, 0, 1, 0, 1),
(2331, 10, 71, 0, 0, 1, 0, 1),
(2330, 10, 70, 1, 0, 1, 0, 1),
(2329, 10, 169, 0, 0, 0, 0, 1),
(2328, 10, 168, 0, 0, 0, 0, 1),
(2327, 10, 167, 0, 0, 0, 0, 1),
(2326, 10, 166, 0, 0, 1, 0, 1),
(2325, 10, 162, 0, 0, 1, 0, 1),
(2324, 10, 161, 0, 0, 1, 0, 1),
(2323, 10, 153, 0, 0, 0, 0, 1),
(2322, 10, 145, 0, 0, 1, 0, 1),
(2321, 10, 141, 0, 0, 1, 0, 1),
(2320, 10, 140, 0, 0, 1, 0, 1),
(2319, 10, 139, 0, 0, 0, 0, 1),
(2318, 10, 138, 0, 0, 0, 0, 1),
(2317, 10, 137, 0, 0, 1, 0, 1),
(2316, 10, 136, 0, 0, 0, 0, 1),
(2315, 10, 135, 0, 0, 1, 0, 1),
(2314, 10, 134, 0, 0, 1, 0, 1),
(2313, 10, 133, 0, 0, 1, 0, 1),
(2312, 10, 129, 0, 0, 1, 0, 1),
(2311, 10, 128, 0, 0, 0, 0, 1),
(2310, 10, 127, 0, 0, 0, 0, 1),
(2309, 10, 126, 0, 0, 0, 0, 1),
(2308, 10, 125, 0, 0, 1, 0, 1),
(2307, 10, 124, 0, 0, 0, 0, 1),
(2306, 10, 123, 0, 0, 0, 0, 1),
(2305, 10, 122, 0, 0, 0, 0, 1),
(2304, 10, 121, 0, 0, 0, 0, 1),
(2303, 10, 120, 0, 0, 1, 0, 1),
(2302, 10, 119, 0, 0, 1, 0, 1),
(2301, 10, 118, 0, 0, 1, 0, 1),
(2300, 10, 117, 0, 0, 1, 0, 1),
(2299, 10, 116, 0, 0, 1, 0, 1),
(2298, 10, 115, 0, 0, 1, 0, 1),
(2297, 10, 114, 0, 0, 1, 0, 1),
(2296, 10, 113, 0, 0, 1, 0, 1),
(2295, 10, 112, 0, 0, 0, 0, 1),
(2294, 10, 111, 0, 0, 0, 0, 1),
(2293, 10, 110, 0, 0, 0, 0, 1),
(2292, 10, 109, 0, 0, 0, 0, 1),
(2291, 10, 108, 0, 0, 0, 0, 1),
(2290, 10, 107, 0, 0, 0, 0, 1),
(2289, 10, 62, 0, 0, 1, 0, 1),
(2288, 10, 163, 0, 0, 0, 0, 1),
(2287, 10, 160, 0, 0, 0, 0, 1),
(2286, 10, 156, 0, 0, 0, 0, 1),
(2285, 10, 155, 0, 0, 0, 0, 1),
(2284, 10, 147, 0, 0, 0, 0, 1),
(2283, 10, 146, 0, 0, 0, 0, 1),
(2282, 10, 99, 0, 0, 0, 0, 1),
(2281, 10, 98, 0, 0, 0, 0, 1),
(2280, 10, 97, 0, 0, 0, 0, 1),
(2279, 10, 96, 0, 0, 0, 0, 1),
(2278, 10, 61, 0, 0, 0, 0, 1),
(2277, 10, 60, 0, 0, 0, 0, 1),
(2276, 10, 59, 0, 0, 0, 0, 1),
(2275, 10, 58, 0, 0, 0, 0, 1),
(2274, 10, 57, 0, 0, 0, 0, 1),
(2273, 10, 56, 0, 0, 0, 0, 1),
(2272, 10, 54, 0, 0, 1, 0, 1),
(2271, 10, 53, 0, 0, 1, 0, 1),
(2270, 10, 52, 0, 0, 1, 0, 1),
(2269, 10, 51, 0, 0, 1, 0, 1),
(2268, 10, 50, 0, 0, 1, 0, 1),
(2267, 10, 69, 0, 0, 1, 0, 1),
(2266, 10, 48, 0, 0, 1, 0, 1),
(2265, 10, 47, 0, 0, 1, 0, 1),
(2264, 10, 45, 0, 0, 1, 0, 1),
(2263, 10, 44, 0, 0, 1, 0, 1),
(2262, 10, 43, 0, 0, 1, 0, 1),
(2261, 10, 42, 0, 0, 1, 0, 1),
(2260, 10, 41, 0, 0, 1, 0, 1),
(2259, 10, 40, 0, 0, 1, 0, 1),
(2258, 10, 66, 0, 0, 1, 0, 1),
(2257, 10, 38, 0, 0, 1, 0, 1),
(2256, 10, 37, 0, 0, 1, 0, 1),
(2255, 10, 95, 0, 0, 1, 0, 1),
(2254, 10, 94, 1, 0, 1, 0, 1),
(2253, 10, 93, 1, 0, 1, 0, 1),
(2252, 10, 92, 0, 0, 1, 0, 1),
(2251, 10, 91, 1, 1, 1, 0, 1),
(2250, 10, 90, 1, 1, 1, 0, 1),
(2249, 10, 68, 1, 0, 1, 0, 1),
(2248, 10, 67, 1, 0, 1, 0, 1),
(2247, 10, 35, 1, 1, 1, 0, 1),
(2246, 10, 34, 1, 1, 1, 0, 1),
(2245, 10, 33, 1, 1, 1, 0, 1),
(2244, 10, 132, 0, 0, 1, 0, 1),
(2243, 10, 32, 1, 0, 1, 0, 1),
(2242, 10, 31, 1, 0, 1, 0, 1),
(2241, 10, 30, 1, 0, 1, 0, 1),
(2240, 10, 29, 1, 0, 1, 0, 1),
(2239, 10, 28, 1, 0, 1, 0, 1),
(2238, 10, 26, 1, 0, 1, 0, 1),
(2237, 10, 164, 0, 0, 1, 0, 1),
(2236, 10, 89, 1, 0, 1, 0, 1),
(2235, 10, 88, 1, 0, 1, 0, 1),
(2234, 10, 25, 1, 1, 1, 0, 1),
(2233, 10, 24, 1, 0, 1, 0, 1),
(2232, 10, 23, 1, 0, 1, 0, 1),
(2231, 10, 87, 0, 0, 1, 0, 1),
(2230, 10, 86, 0, 0, 0, 0, 1),
(2229, 10, 21, 0, 0, 1, 0, 1),
(2228, 10, 102, 0, 0, 1, 0, 1),
(2227, 10, 20, 0, 0, 1, 0, 1),
(2226, 10, 19, 0, 0, 0, 0, 1),
(2225, 10, 18, 1, 1, 1, 0, 1),
(2224, 10, 17, 1, 0, 1, 0, 1),
(2223, 10, 16, 1, 0, 1, 0, 1),
(2222, 10, 15, 1, 0, 1, 0, 1),
(2221, 10, 14, 1, 0, 1, 0, 1),
(2220, 10, 12, 1, 0, 1, 0, 1),
(2219, 10, 11, 0, 0, 0, 0, 1),
(2218, 10, 10, 0, 0, 0, 0, 1),
(2217, 10, 103, 0, 0, 1, 0, 1),
(2216, 10, 101, 0, 0, 1, 0, 1),
(2215, 10, 100, 0, 0, 0, 0, 1),
(2214, 10, 85, 0, 0, 0, 0, 1),
(2213, 10, 84, 0, 0, 1, 0, 1),
(2212, 10, 83, 1, 0, 1, 0, 1),
(2211, 10, 82, 1, 0, 1, 0, 1),
(2210, 10, 81, 0, 0, 0, 0, 1),
(2209, 10, 79, 0, 0, 1, 0, 1),
(2208, 10, 63, 0, 0, 1, 0, 1),
(2207, 10, 65, 0, 0, 0, 0, 1),
(2206, 10, 64, 0, 0, 0, 0, 1),
(2205, 10, 8, 0, 0, 0, 0, 1),
(2204, 10, 7, 0, 0, 0, 0, 1),
(2203, 10, 6, 0, 0, 0, 0, 1),
(2202, 10, 5, 0, 0, 1, 0, 1),
(2201, 10, 4, 0, 0, 1, 0, 1),
(2200, 10, 3, 0, 0, 1, 0, 1),
(2199, 10, 2, 0, 0, 1, 0, 1),
(2198, 10, 1, 0, 0, 1, 0, 1),
(2197, 11, 173, 0, 0, 0, 0, 1),
(2196, 11, 172, 0, 0, 0, 0, 1),
(2195, 11, 171, 0, 0, 0, 0, 1),
(2194, 11, 170, 1, 1, 1, 0, 1),
(2193, 11, 165, 1, 1, 1, 0, 1),
(2192, 11, 159, 1, 1, 1, 0, 1),
(2191, 11, 158, 1, 1, 1, 0, 1),
(2190, 11, 157, 1, 1, 1, 0, 1),
(2189, 11, 152, 1, 1, 1, 0, 1),
(2188, 11, 151, 1, 1, 1, 0, 1),
(2187, 11, 150, 1, 1, 1, 0, 1),
(2186, 11, 144, 0, 0, 1, 0, 1),
(2185, 11, 143, 0, 0, 1, 0, 1),
(2184, 11, 142, 0, 0, 1, 0, 1),
(2183, 11, 131, 1, 1, 1, 0, 1),
(2182, 11, 130, 1, 1, 1, 0, 1),
(2181, 11, 106, 1, 1, 1, 0, 1),
(2180, 11, 105, 1, 1, 1, 0, 1),
(2179, 11, 78, 0, 0, 0, 0, 1),
(2178, 11, 76, 0, 0, 0, 0, 1),
(2177, 11, 75, 0, 0, 0, 0, 1),
(2176, 11, 104, 0, 0, 0, 0, 1),
(2175, 11, 77, 0, 0, 0, 0, 1),
(2174, 11, 74, 0, 0, 0, 0, 1),
(2173, 11, 73, 0, 0, 1, 0, 1),
(2172, 11, 72, 0, 0, 1, 0, 1),
(2171, 11, 71, 0, 0, 1, 0, 1),
(2170, 11, 70, 1, 1, 1, 0, 1),
(2169, 11, 169, 0, 0, 0, 0, 1),
(2168, 11, 168, 0, 0, 0, 0, 1),
(2167, 11, 167, 0, 0, 0, 0, 1),
(2166, 11, 166, 0, 0, 1, 0, 1),
(2165, 11, 162, 0, 0, 1, 0, 1),
(2164, 11, 161, 0, 0, 0, 0, 1),
(2163, 11, 153, 0, 0, 0, 0, 1),
(2162, 11, 145, 0, 0, 1, 0, 1),
(2161, 11, 141, 0, 0, 1, 0, 1),
(2160, 11, 140, 0, 0, 1, 0, 1),
(2159, 11, 139, 0, 0, 0, 0, 1),
(2158, 11, 138, 0, 0, 0, 0, 1),
(2157, 11, 137, 0, 0, 1, 0, 1),
(2156, 11, 136, 0, 0, 1, 0, 1),
(2155, 11, 135, 0, 0, 1, 0, 1),
(2154, 11, 134, 0, 0, 1, 0, 1),
(2153, 11, 133, 0, 0, 1, 0, 1),
(2152, 11, 129, 0, 0, 1, 0, 1),
(2151, 11, 128, 0, 0, 0, 0, 1),
(2150, 11, 127, 0, 0, 0, 0, 1),
(2149, 11, 126, 0, 0, 0, 0, 1),
(2148, 11, 125, 0, 0, 1, 0, 1),
(2147, 11, 124, 0, 0, 0, 0, 1),
(2146, 11, 123, 0, 0, 0, 0, 1),
(2145, 11, 122, 0, 0, 0, 0, 1),
(2144, 11, 121, 0, 0, 0, 0, 1),
(2143, 11, 120, 0, 0, 1, 0, 1),
(2142, 11, 119, 0, 0, 1, 0, 1),
(2141, 11, 118, 0, 0, 1, 0, 1),
(2140, 11, 117, 0, 0, 1, 0, 1),
(2139, 11, 116, 0, 0, 1, 0, 1),
(2138, 11, 115, 0, 0, 1, 0, 1),
(2137, 11, 114, 0, 0, 1, 0, 1),
(2136, 11, 113, 0, 0, 1, 0, 1),
(2135, 11, 112, 0, 0, 0, 0, 1),
(2134, 11, 111, 0, 0, 0, 0, 1),
(2133, 11, 110, 0, 0, 0, 0, 1),
(2132, 11, 109, 0, 0, 0, 0, 1),
(2131, 11, 108, 0, 0, 0, 0, 1),
(2130, 11, 107, 0, 0, 0, 0, 1),
(2129, 11, 62, 0, 0, 1, 0, 1),
(2128, 11, 163, 0, 0, 0, 0, 1),
(2127, 11, 160, 0, 0, 0, 0, 1),
(2126, 11, 156, 0, 0, 0, 0, 1),
(2125, 11, 155, 0, 0, 0, 0, 1),
(2124, 11, 147, 0, 0, 0, 0, 1),
(2123, 11, 146, 0, 0, 0, 0, 1),
(2122, 11, 99, 0, 0, 0, 0, 1),
(2121, 11, 98, 0, 0, 0, 0, 1),
(2120, 11, 97, 0, 0, 0, 0, 1),
(2119, 11, 96, 0, 0, 0, 0, 1),
(2118, 11, 61, 0, 0, 0, 0, 1),
(2117, 11, 60, 0, 0, 0, 0, 1),
(2116, 11, 59, 0, 0, 0, 0, 1),
(2115, 11, 58, 0, 0, 0, 0, 1),
(2114, 11, 57, 0, 0, 0, 0, 1),
(2113, 11, 56, 0, 0, 0, 0, 1),
(2112, 11, 54, 1, 0, 1, 0, 1),
(2111, 11, 53, 1, 0, 1, 0, 1),
(2110, 11, 52, 0, 0, 1, 0, 1),
(2109, 11, 51, 0, 0, 1, 0, 1),
(2108, 11, 50, 0, 0, 1, 0, 1),
(2107, 11, 69, 0, 0, 1, 0, 1),
(2106, 11, 48, 0, 0, 1, 0, 1),
(2105, 11, 47, 0, 0, 1, 0, 1),
(2104, 11, 45, 0, 0, 1, 0, 1),
(2103, 11, 44, 0, 0, 1, 0, 1),
(2102, 11, 43, 0, 0, 1, 0, 1),
(2101, 11, 42, 0, 0, 1, 0, 1),
(2100, 11, 41, 0, 0, 1, 0, 1),
(2099, 11, 40, 0, 0, 1, 0, 1),
(2098, 11, 66, 1, 0, 1, 0, 1),
(2097, 11, 38, 1, 0, 1, 0, 1),
(2096, 11, 37, 1, 0, 1, 0, 1),
(2095, 11, 95, 0, 0, 1, 0, 1),
(2094, 11, 94, 1, 0, 1, 0, 1),
(2093, 11, 93, 1, 0, 1, 0, 1),
(2092, 11, 92, 0, 0, 1, 0, 1),
(2091, 11, 91, 1, 1, 1, 0, 1),
(2090, 11, 90, 1, 1, 1, 0, 1),
(2089, 11, 68, 1, 0, 1, 0, 1),
(2088, 11, 67, 1, 0, 1, 0, 1),
(2087, 11, 35, 1, 1, 1, 0, 1),
(2086, 11, 34, 1, 1, 1, 0, 1),
(2085, 11, 33, 1, 1, 1, 0, 1),
(2084, 11, 132, 0, 0, 1, 0, 1),
(2083, 11, 32, 1, 1, 1, 0, 1),
(2082, 11, 31, 1, 0, 1, 0, 1),
(2081, 11, 30, 0, 0, 1, 0, 1),
(2080, 11, 29, 1, 0, 1, 0, 1),
(2079, 11, 28, 1, 0, 1, 0, 1),
(2078, 11, 26, 1, 1, 1, 0, 1),
(2077, 11, 164, 0, 0, 1, 0, 1),
(2076, 11, 89, 1, 0, 1, 0, 1),
(2075, 11, 88, 1, 0, 1, 0, 1),
(2074, 11, 25, 1, 0, 1, 0, 1),
(2073, 11, 24, 1, 0, 1, 0, 1),
(2072, 11, 23, 1, 0, 1, 0, 1),
(2071, 11, 87, 0, 0, 1, 0, 1),
(2070, 11, 86, 0, 0, 1, 0, 1),
(2069, 11, 21, 0, 0, 1, 0, 1),
(2068, 11, 102, 0, 0, 1, 0, 1),
(2067, 11, 20, 0, 0, 1, 0, 1),
(2066, 11, 19, 0, 0, 1, 0, 1),
(2065, 11, 18, 0, 0, 1, 0, 1),
(2064, 11, 17, 0, 0, 1, 0, 1),
(2063, 11, 16, 0, 0, 1, 0, 1),
(2062, 11, 15, 0, 0, 1, 0, 1),
(2061, 11, 14, 0, 0, 1, 0, 1),
(2060, 11, 12, 0, 0, 1, 0, 1),
(2059, 11, 11, 0, 0, 0, 0, 1),
(2058, 11, 10, 0, 0, 0, 0, 1),
(2057, 11, 103, 0, 0, 1, 0, 1),
(2056, 11, 101, 0, 0, 1, 0, 1),
(2055, 11, 100, 0, 0, 0, 0, 1),
(2054, 11, 85, 0, 0, 1, 0, 1),
(2053, 11, 84, 0, 0, 1, 0, 1),
(2052, 11, 83, 0, 0, 1, 0, 1),
(2051, 11, 82, 0, 0, 1, 0, 1),
(2050, 11, 81, 0, 0, 1, 0, 1),
(2049, 11, 79, 0, 0, 1, 0, 1),
(2048, 11, 63, 0, 0, 0, 0, 1),
(2047, 11, 65, 0, 0, 0, 0, 1),
(2046, 11, 64, 0, 0, 0, 0, 1),
(2045, 11, 8, 0, 0, 0, 0, 1),
(2044, 11, 7, 0, 0, 0, 0, 1),
(2043, 11, 6, 0, 0, 1, 0, 1),
(2042, 11, 5, 0, 0, 1, 0, 1),
(2041, 11, 4, 0, 0, 1, 0, 1),
(2040, 11, 3, 0, 0, 1, 0, 1),
(2039, 11, 2, 0, 0, 1, 0, 1),
(2038, 11, 1, 0, 0, 1, 0, 1),
(2037, 1, 173, 0, 0, 1, 1, 1),
(2036, 1, 172, 1, 0, 1, 1, 1),
(2035, 1, 171, 1, 1, 1, 1, 1),
(2034, 1, 170, 1, 1, 1, 1, 1),
(2033, 1, 165, 1, 1, 1, 1, 1),
(2032, 1, 159, 1, 1, 1, 1, 1),
(2031, 1, 158, 1, 1, 1, 1, 1),
(2030, 1, 157, 1, 1, 1, 1, 1),
(2029, 1, 152, 1, 1, 1, 1, 1),
(2028, 1, 151, 1, 1, 1, 1, 1),
(2027, 1, 150, 1, 1, 1, 1, 1),
(2026, 1, 144, 0, 0, 1, 0, 1),
(2025, 1, 143, 0, 0, 1, 0, 1),
(2024, 1, 142, 0, 0, 1, 0, 1),
(2023, 1, 131, 1, 1, 1, 1, 1),
(2022, 1, 130, 1, 1, 1, 1, 1),
(2021, 1, 106, 1, 1, 1, 1, 1),
(2020, 1, 105, 1, 1, 1, 1, 1),
(2019, 1, 78, 0, 0, 1, 0, 1),
(2018, 1, 76, 1, 1, 1, 1, 1),
(2017, 1, 75, 1, 1, 1, 1, 1),
(2016, 1, 104, 1, 1, 1, 0, 1),
(2015, 1, 77, 1, 1, 1, 1, 1),
(2014, 1, 74, 1, 1, 1, 1, 1),
(2013, 1, 73, 1, 1, 1, 1, 1),
(2012, 1, 72, 1, 1, 1, 1, 1),
(2011, 1, 71, 0, 0, 1, 0, 1),
(2010, 1, 70, 1, 1, 1, 1, 1),
(2009, 1, 169, 0, 0, 1, 0, 1),
(2008, 1, 168, 0, 0, 1, 0, 1),
(2007, 1, 167, 0, 0, 1, 0, 1),
(2006, 1, 166, 0, 0, 1, 0, 1),
(2005, 1, 162, 0, 0, 1, 0, 1),
(2004, 1, 161, 0, 0, 1, 0, 1),
(2003, 1, 153, 0, 0, 1, 0, 1),
(2002, 1, 145, 0, 0, 1, 0, 1),
(2001, 1, 141, 0, 0, 1, 0, 1),
(2000, 1, 140, 0, 0, 1, 0, 1),
(1999, 1, 139, 0, 0, 1, 0, 1),
(1998, 1, 138, 0, 0, 1, 0, 1),
(1997, 1, 137, 0, 0, 1, 0, 1),
(1996, 1, 136, 0, 0, 1, 0, 1),
(1995, 1, 135, 0, 0, 1, 0, 1),
(1994, 1, 134, 0, 0, 1, 0, 1),
(1993, 1, 133, 0, 0, 1, 0, 1),
(1992, 1, 129, 0, 0, 1, 0, 1),
(1991, 1, 128, 0, 0, 1, 0, 1),
(1990, 1, 127, 0, 0, 1, 0, 1),
(1989, 1, 126, 0, 0, 1, 0, 1),
(1988, 1, 125, 0, 0, 1, 0, 1),
(1987, 1, 124, 0, 0, 1, 0, 1),
(1986, 1, 123, 0, 0, 1, 0, 1),
(1985, 1, 122, 0, 0, 1, 0, 1),
(1984, 1, 121, 0, 0, 1, 0, 1),
(1983, 1, 120, 0, 0, 1, 0, 1),
(1982, 1, 119, 0, 0, 1, 0, 1),
(1981, 1, 118, 0, 0, 1, 0, 1),
(1980, 1, 117, 0, 0, 1, 0, 1),
(1979, 1, 116, 0, 0, 1, 0, 1),
(1978, 1, 115, 0, 0, 1, 0, 1),
(1977, 1, 114, 0, 0, 1, 0, 1),
(1976, 1, 113, 0, 0, 1, 0, 1),
(1975, 1, 112, 0, 0, 1, 0, 1),
(1974, 1, 111, 0, 0, 1, 0, 1),
(1973, 1, 110, 0, 0, 1, 0, 1),
(1972, 1, 109, 0, 0, 1, 0, 1),
(1971, 1, 108, 0, 0, 1, 0, 1),
(1970, 1, 107, 0, 0, 1, 0, 1),
(1969, 1, 62, 0, 0, 1, 0, 1),
(1968, 1, 163, 0, 1, 0, 0, 1),
(1967, 1, 160, 0, 0, 1, 0, 1),
(1966, 1, 156, 1, 1, 1, 1, 1),
(1965, 1, 155, 0, 0, 1, 0, 1),
(1964, 1, 147, 0, 1, 0, 0, 1),
(1963, 1, 146, 0, 1, 0, 0, 1),
(1962, 1, 99, 1, 0, 1, 1, 1),
(1961, 1, 98, 1, 0, 1, 1, 1),
(1960, 1, 97, 1, 1, 1, 1, 1),
(1959, 1, 96, 1, 1, 1, 1, 1),
(1958, 1, 69, 1, 1, 1, 1, 1),
(1957, 1, 95, 0, 0, 1, 0, 1),
(1956, 1, 94, 1, 0, 1, 1, 1),
(1955, 1, 93, 1, 0, 1, 1, 1),
(1954, 1, 92, 0, 0, 1, 0, 1),
(1953, 1, 91, 1, 1, 1, 0, 1),
(1952, 1, 90, 1, 1, 1, 0, 1),
(1951, 1, 132, 1, 1, 1, 1, 1),
(1950, 1, 164, 0, 0, 1, 0, 1),
(1949, 1, 89, 1, 0, 1, 1, 1),
(1948, 1, 88, 1, 0, 1, 1, 1),
(1947, 1, 87, 1, 1, 1, 1, 1),
(1946, 1, 86, 1, 0, 1, 0, 1),
(1945, 1, 102, 1, 1, 1, 1, 1),
(1944, 1, 103, 1, 1, 1, 0, 1),
(1943, 1, 101, 0, 1, 1, 1, 1),
(1942, 1, 100, 1, 1, 1, 1, 1),
(1941, 1, 85, 0, 0, 1, 1, 1),
(1940, 1, 84, 1, 1, 1, 1, 1),
(1939, 1, 83, 1, 1, 1, 1, 1),
(1938, 1, 82, 1, 1, 1, 1, 1),
(1937, 1, 81, 1, 1, 1, 1, 1),
(1936, 1, 79, 1, 1, 1, 1, 1),
(1935, 9, 173, 0, 0, 1, 1, 1),
(1934, 9, 172, 1, 0, 1, 1, 1),
(1933, 9, 171, 1, 1, 1, 1, 1),
(1932, 9, 170, 1, 1, 1, 1, 1),
(1931, 9, 165, 1, 1, 1, 1, 1),
(1930, 9, 159, 1, 1, 1, 1, 1),
(1929, 9, 158, 1, 1, 1, 1, 1),
(1928, 9, 157, 1, 1, 1, 1, 1),
(1927, 9, 152, 1, 1, 1, 1, 1),
(1926, 9, 151, 1, 1, 1, 1, 1),
(1925, 9, 150, 1, 1, 1, 1, 1),
(1924, 9, 144, 0, 0, 1, 0, 1),
(1923, 9, 143, 0, 0, 1, 0, 1),
(1922, 9, 142, 0, 0, 1, 0, 1),
(1921, 9, 131, 1, 1, 1, 1, 1),
(1920, 9, 130, 1, 1, 1, 1, 1),
(1919, 9, 106, 1, 1, 1, 1, 1),
(1918, 9, 105, 1, 1, 1, 1, 1),
(1917, 9, 78, 0, 0, 1, 0, 1),
(1916, 9, 76, 1, 1, 1, 1, 1),
(1915, 9, 75, 1, 1, 1, 1, 1),
(1914, 9, 104, 1, 1, 1, 0, 1),
(1913, 9, 77, 1, 1, 1, 1, 1),
(1912, 9, 74, 1, 1, 1, 1, 1),
(1911, 9, 73, 1, 1, 1, 1, 1),
(1910, 9, 72, 1, 1, 1, 1, 1),
(1909, 9, 71, 0, 0, 1, 0, 1),
(1908, 9, 70, 1, 1, 1, 1, 1),
(1907, 9, 169, 0, 0, 1, 0, 1),
(1906, 9, 168, 0, 0, 1, 0, 1),
(1905, 9, 167, 0, 0, 1, 0, 1),
(1904, 9, 166, 0, 0, 1, 0, 1),
(1903, 9, 162, 0, 0, 1, 0, 1),
(1902, 9, 161, 0, 0, 1, 0, 1),
(1901, 9, 153, 0, 0, 1, 0, 1),
(1900, 9, 145, 0, 0, 1, 0, 1),
(1899, 9, 141, 0, 0, 1, 0, 1),
(1898, 9, 140, 0, 0, 1, 0, 1),
(1897, 9, 139, 0, 0, 1, 0, 1),
(1896, 9, 138, 0, 0, 1, 0, 1),
(1895, 9, 137, 0, 0, 1, 0, 1),
(1894, 9, 136, 0, 0, 1, 0, 1),
(1893, 9, 135, 0, 0, 1, 0, 1),
(1892, 9, 134, 0, 0, 1, 0, 1),
(1891, 9, 133, 0, 0, 1, 0, 1),
(1890, 9, 129, 0, 0, 1, 0, 1),
(1889, 9, 128, 0, 0, 1, 0, 1),
(1888, 9, 127, 0, 0, 1, 0, 1),
(1887, 9, 126, 0, 0, 1, 0, 1),
(1886, 9, 125, 0, 0, 1, 0, 1),
(1885, 9, 124, 0, 0, 1, 0, 1),
(1884, 9, 123, 0, 0, 1, 0, 1),
(1883, 9, 122, 0, 0, 1, 0, 1),
(1882, 9, 121, 0, 0, 1, 0, 1),
(1881, 9, 120, 0, 0, 1, 0, 1),
(1880, 9, 119, 0, 0, 1, 0, 1),
(1879, 9, 118, 0, 0, 1, 0, 1),
(1878, 9, 117, 0, 0, 1, 0, 1),
(1877, 9, 116, 0, 0, 1, 0, 1),
(1876, 9, 115, 0, 0, 1, 0, 1),
(1875, 9, 114, 0, 0, 1, 0, 1),
(1874, 9, 113, 0, 0, 1, 0, 1),
(1873, 9, 112, 0, 0, 1, 0, 1),
(1872, 9, 111, 0, 0, 1, 0, 1),
(1871, 9, 110, 0, 0, 1, 0, 1),
(1870, 9, 109, 0, 0, 1, 0, 1),
(1869, 9, 108, 0, 0, 1, 0, 1),
(1868, 9, 107, 0, 0, 1, 0, 1),
(1867, 9, 62, 0, 0, 1, 0, 1),
(1866, 9, 163, 0, 1, 0, 0, 1),
(1865, 9, 160, 0, 0, 1, 0, 1),
(1864, 9, 156, 1, 1, 1, 1, 1),
(1863, 9, 155, 0, 0, 1, 0, 1),
(1862, 9, 147, 0, 1, 0, 0, 1),
(1861, 9, 146, 0, 1, 0, 0, 1),
(1860, 9, 99, 1, 0, 1, 1, 1),
(1859, 9, 98, 1, 0, 1, 1, 1),
(1858, 9, 97, 1, 1, 1, 1, 1),
(1857, 9, 96, 1, 1, 1, 1, 1),
(1856, 9, 61, 1, 0, 1, 0, 1),
(1855, 9, 60, 1, 1, 1, 1, 1),
(1854, 9, 59, 1, 1, 1, 1, 1),
(1853, 9, 58, 1, 1, 1, 1, 1),
(1852, 9, 57, 1, 1, 1, 1, 1),
(1851, 9, 56, 1, 1, 1, 1, 1),
(1850, 9, 54, 1, 1, 1, 1, 1),
(1849, 9, 53, 1, 1, 1, 1, 1),
(1848, 9, 52, 1, 1, 1, 1, 1),
(1847, 9, 51, 1, 1, 1, 1, 1),
(1846, 9, 50, 1, 1, 1, 1, 1),
(1845, 9, 69, 1, 1, 1, 1, 1),
(1844, 9, 48, 1, 0, 1, 1, 1),
(1843, 9, 47, 1, 0, 1, 1, 1),
(1842, 9, 45, 1, 0, 1, 1, 1),
(1841, 9, 44, 1, 1, 1, 1, 1),
(1840, 9, 43, 1, 1, 1, 1, 1),
(1839, 9, 42, 1, 0, 1, 1, 1),
(1838, 9, 41, 1, 1, 1, 1, 1),
(1837, 9, 40, 1, 1, 1, 1, 1),
(1836, 9, 66, 1, 1, 1, 0, 1),
(1835, 9, 38, 1, 0, 1, 1, 1),
(1834, 9, 37, 1, 1, 1, 1, 1),
(1833, 9, 95, 0, 0, 1, 0, 1),
(1832, 9, 94, 1, 0, 1, 1, 1),
(1831, 9, 93, 1, 0, 1, 1, 1),
(1830, 9, 92, 0, 0, 1, 0, 1),
(1829, 9, 91, 1, 1, 1, 0, 1),
(1828, 9, 90, 1, 1, 1, 0, 1),
(1827, 9, 68, 1, 0, 1, 1, 1),
(1826, 9, 67, 1, 0, 1, 1, 1),
(1825, 9, 35, 1, 1, 1, 0, 1),
(1824, 9, 34, 1, 1, 1, 0, 1),
(1823, 9, 33, 1, 1, 1, 0, 1),
(1822, 9, 132, 1, 1, 1, 1, 1),
(1821, 9, 32, 1, 1, 1, 0, 1),
(1820, 9, 31, 1, 1, 1, 1, 1),
(1819, 9, 30, 1, 1, 1, 1, 1),
(1818, 9, 29, 1, 1, 1, 1, 1),
(1817, 9, 28, 1, 1, 1, 1, 1),
(1816, 9, 26, 1, 1, 1, 1, 1),
(1815, 9, 164, 0, 0, 1, 0, 1),
(1814, 9, 89, 1, 0, 1, 1, 1),
(1813, 9, 88, 1, 0, 1, 1, 1),
(1812, 9, 25, 1, 1, 1, 0, 1),
(1811, 9, 24, 1, 1, 1, 0, 1),
(1810, 9, 23, 1, 1, 1, 0, 1),
(1809, 9, 87, 1, 1, 1, 1, 1),
(1808, 9, 86, 1, 0, 1, 0, 1),
(1807, 9, 21, 1, 1, 1, 1, 1),
(1806, 9, 102, 1, 1, 1, 1, 1),
(1805, 9, 20, 1, 1, 1, 1, 1),
(1804, 9, 19, 1, 0, 1, 0, 1),
(1803, 9, 18, 1, 1, 1, 1, 1),
(1802, 9, 17, 1, 1, 1, 1, 1),
(1801, 9, 16, 1, 1, 1, 1, 1),
(1800, 9, 15, 1, 1, 1, 1, 1),
(1799, 9, 14, 1, 1, 1, 1, 1),
(1798, 9, 12, 1, 1, 1, 1, 1),
(1797, 9, 11, 1, 1, 1, 1, 1),
(1796, 9, 10, 1, 1, 1, 1, 1),
(1795, 9, 103, 1, 1, 1, 0, 1),
(1794, 9, 101, 0, 1, 1, 1, 1),
(1793, 9, 100, 1, 1, 1, 1, 1),
(1792, 9, 85, 0, 0, 1, 1, 1),
(1791, 9, 84, 1, 1, 1, 1, 1),
(1790, 9, 83, 1, 1, 1, 1, 1),
(1789, 9, 82, 1, 1, 1, 1, 1),
(1788, 9, 81, 1, 1, 1, 1, 1),
(1787, 9, 79, 1, 1, 1, 1, 1),
(1786, 9, 63, 0, 1, 1, 0, 1),
(1785, 9, 65, 0, 0, 1, 0, 1),
(1784, 9, 64, 0, 1, 0, 0, 1),
(1783, 9, 8, 0, 1, 1, 0, 1),
(1782, 9, 7, 1, 1, 1, 1, 1),
(1781, 9, 6, 1, 1, 1, 1, 1),
(1780, 9, 5, 1, 1, 1, 1, 1),
(1779, 9, 4, 0, 1, 1, 0, 1),
(1778, 9, 3, 1, 1, 1, 0, 1),
(1777, 9, 2, 1, 1, 1, 0, 1),
(1776, 9, 1, 1, 1, 1, 0, 1),
(2518, 2, 1, 1, 0, 1, 0, 1),
(2519, 2, 2, 1, 0, 1, 0, 1),
(2520, 2, 3, 1, 0, 1, 0, 1),
(2521, 2, 4, 0, 0, 1, 0, 1),
(2522, 2, 5, 0, 0, 1, 0, 1),
(2523, 2, 6, 0, 0, 1, 0, 1),
(2524, 2, 7, 0, 0, 0, 0, 1),
(2525, 2, 8, 0, 0, 0, 0, 1),
(2526, 2, 64, 0, 0, 0, 0, 1),
(2527, 2, 65, 0, 0, 0, 0, 1),
(2528, 2, 63, 0, 0, 0, 0, 1),
(2529, 2, 79, 0, 0, 0, 0, 1),
(2530, 2, 81, 0, 0, 0, 0, 1),
(2531, 2, 82, 1, 1, 1, 0, 1),
(2532, 2, 83, 1, 1, 1, 0, 1),
(2533, 2, 84, 1, 1, 1, 0, 1),
(2534, 2, 85, 0, 0, 1, 0, 1),
(2535, 2, 100, 0, 0, 0, 0, 1),
(2536, 2, 101, 0, 0, 1, 0, 1),
(2537, 2, 103, 0, 0, 1, 0, 1),
(2538, 2, 10, 0, 0, 1, 0, 1),
(2539, 2, 11, 0, 0, 1, 0, 1),
(2540, 2, 12, 1, 1, 1, 0, 1),
(2541, 2, 14, 1, 1, 1, 0, 1),
(2542, 2, 15, 1, 1, 1, 0, 1),
(2543, 2, 16, 1, 1, 1, 0, 1),
(2544, 2, 17, 0, 0, 1, 0, 1),
(2545, 2, 18, 1, 1, 1, 0, 1),
(2546, 2, 19, 0, 0, 1, 0, 1),
(2547, 2, 20, 1, 1, 1, 0, 1),
(2548, 2, 102, 0, 0, 1, 0, 1),
(2549, 2, 21, 1, 1, 1, 0, 1),
(2550, 2, 86, 0, 0, 1, 0, 1),
(2551, 2, 87, 1, 1, 1, 0, 1),
(2552, 2, 174, 0, 0, 1, 0, 1),
(2553, 2, 23, 1, 1, 1, 0, 1),
(2554, 2, 24, 1, 0, 1, 0, 1),
(2555, 2, 25, 1, 1, 1, 0, 1),
(2556, 2, 88, 1, 0, 1, 0, 1),
(2557, 2, 89, 1, 0, 1, 0, 1),
(2558, 2, 164, 0, 0, 1, 0, 1),
(2559, 2, 26, 1, 0, 1, 0, 1),
(2560, 2, 28, 1, 0, 1, 0, 1),
(2561, 2, 29, 1, 0, 1, 0, 1),
(2562, 2, 30, 1, 0, 1, 0, 1),
(2563, 2, 31, 1, 0, 1, 0, 1),
(2564, 2, 32, 1, 1, 1, 0, 1),
(2565, 2, 132, 1, 1, 1, 0, 1),
(2566, 2, 33, 1, 1, 1, 0, 1),
(2567, 2, 34, 1, 1, 1, 0, 1),
(2568, 2, 35, 1, 1, 1, 0, 1),
(2569, 2, 67, 1, 0, 1, 0, 1),
(2570, 2, 68, 1, 0, 1, 0, 1),
(2571, 2, 90, 1, 1, 1, 0, 1),
(2572, 2, 91, 1, 1, 1, 0, 1),
(2573, 2, 92, 0, 0, 1, 0, 1),
(2574, 2, 93, 1, 0, 1, 0, 1),
(2575, 2, 94, 1, 0, 1, 0, 1),
(2576, 2, 95, 0, 0, 1, 0, 1),
(2577, 2, 37, 1, 1, 1, 0, 1),
(2578, 2, 38, 1, 0, 1, 0, 1),
(2579, 2, 66, 1, 1, 1, 0, 1),
(2580, 2, 40, 1, 1, 1, 0, 1),
(2581, 2, 41, 1, 1, 1, 0, 1),
(2582, 2, 42, 1, 0, 1, 0, 1),
(2583, 2, 43, 1, 1, 1, 0, 1),
(2584, 2, 44, 1, 1, 1, 0, 1),
(2585, 2, 45, 1, 0, 1, 0, 1),
(2586, 2, 47, 1, 0, 1, 0, 1),
(2587, 2, 48, 1, 0, 1, 0, 1),
(2588, 2, 69, 1, 1, 1, 0, 1),
(2589, 2, 50, 1, 1, 1, 0, 1),
(2590, 2, 51, 1, 0, 1, 0, 1),
(2591, 2, 52, 1, 0, 1, 0, 1),
(2592, 2, 53, 1, 1, 1, 0, 1),
(2593, 2, 54, 1, 1, 1, 0, 1),
(2594, 2, 56, 1, 0, 1, 0, 1),
(2595, 2, 57, 1, 0, 1, 0, 1),
(2596, 2, 58, 1, 0, 1, 0, 1),
(2597, 2, 59, 1, 0, 1, 0, 1),
(2598, 2, 60, 1, 0, 1, 0, 1),
(2599, 2, 61, 1, 0, 1, 0, 1),
(2600, 2, 96, 0, 0, 1, 0, 1),
(2601, 2, 97, 0, 0, 1, 0, 1),
(2602, 2, 98, 1, 0, 1, 0, 1),
(2603, 2, 99, 1, 0, 1, 0, 1),
(2604, 2, 146, 0, 0, 0, 0, 1),
(2605, 2, 147, 0, 0, 0, 0, 1),
(2606, 2, 155, 0, 0, 1, 0, 1),
(2607, 2, 156, 1, 0, 1, 0, 1),
(2608, 2, 160, 0, 0, 1, 0, 1),
(2609, 2, 163, 0, 0, 0, 0, 1),
(2610, 2, 62, 0, 0, 1, 0, 1),
(2611, 2, 107, 0, 0, 1, 0, 1),
(2612, 2, 108, 0, 0, 1, 0, 1),
(2613, 2, 109, 0, 0, 1, 0, 1),
(2614, 2, 110, 0, 0, 1, 0, 1),
(2615, 2, 111, 0, 0, 1, 0, 1),
(2616, 2, 112, 0, 0, 1, 0, 1),
(2617, 2, 113, 0, 0, 1, 0, 1),
(2618, 2, 114, 0, 0, 1, 0, 1),
(2619, 2, 115, 0, 0, 1, 0, 1),
(2620, 2, 116, 0, 0, 1, 0, 1),
(2621, 2, 117, 0, 0, 1, 0, 1),
(2622, 2, 118, 0, 0, 1, 0, 1),
(2623, 2, 119, 0, 0, 1, 0, 1),
(2624, 2, 120, 0, 0, 1, 0, 1),
(2625, 2, 121, 0, 0, 1, 0, 1),
(2626, 2, 122, 0, 0, 1, 0, 1),
(2627, 2, 123, 0, 0, 1, 0, 1),
(2628, 2, 124, 0, 0, 1, 0, 1),
(2629, 2, 125, 0, 0, 1, 0, 1),
(2630, 2, 126, 0, 0, 1, 0, 1),
(2631, 2, 127, 0, 0, 1, 0, 1),
(2632, 2, 128, 0, 0, 1, 0, 1),
(2633, 2, 129, 0, 0, 1, 0, 1),
(2634, 2, 133, 0, 0, 1, 0, 1),
(2635, 2, 134, 0, 0, 1, 0, 1),
(2636, 2, 135, 0, 0, 1, 0, 1),
(2637, 2, 136, 0, 0, 1, 0, 1),
(2638, 2, 137, 0, 0, 1, 0, 1),
(2639, 2, 138, 0, 0, 1, 0, 1),
(2640, 2, 139, 0, 0, 1, 0, 1),
(2641, 2, 140, 0, 0, 1, 0, 1),
(2642, 2, 141, 0, 0, 1, 0, 1),
(2643, 2, 145, 0, 0, 1, 0, 1),
(2644, 2, 153, 0, 0, 1, 0, 1),
(2645, 2, 161, 0, 0, 1, 0, 1),
(2646, 2, 162, 0, 0, 1, 0, 1),
(2647, 2, 166, 0, 0, 1, 0, 1),
(2648, 2, 167, 0, 0, 1, 0, 1),
(2649, 2, 168, 0, 0, 1, 0, 1),
(2650, 2, 169, 0, 0, 1, 0, 1),
(2651, 2, 175, 0, 0, 1, 0, 1),
(2652, 2, 176, 0, 0, 1, 0, 1),
(2653, 2, 70, 1, 1, 1, 0, 1),
(2654, 2, 71, 0, 0, 1, 0, 1),
(2655, 2, 72, 1, 1, 1, 0, 1),
(2656, 2, 73, 1, 1, 1, 0, 1),
(2657, 2, 74, 0, 0, 1, 0, 1),
(2658, 2, 77, 0, 0, 1, 0, 1),
(2659, 2, 104, 0, 0, 1, 0, 1),
(2660, 2, 75, 0, 0, 1, 0, 1),
(2661, 2, 76, 0, 0, 1, 0, 1),
(2662, 2, 78, 0, 0, 1, 0, 1),
(2663, 2, 105, 1, 0, 1, 0, 1),
(2664, 2, 106, 1, 0, 1, 0, 1),
(2665, 2, 130, 1, 0, 1, 0, 1),
(2666, 2, 131, 1, 0, 1, 0, 1),
(2667, 2, 142, 0, 0, 1, 0, 1),
(2668, 2, 143, 0, 0, 1, 0, 1),
(2669, 2, 144, 0, 0, 1, 0, 1),
(2670, 2, 150, 1, 1, 1, 0, 1),
(2671, 2, 151, 1, 1, 1, 0, 1),
(2672, 2, 152, 1, 1, 1, 0, 1),
(2673, 2, 157, 1, 1, 1, 0, 1),
(2674, 2, 158, 1, 1, 1, 0, 1),
(2675, 2, 159, 1, 1, 1, 0, 1),
(2676, 2, 165, 1, 1, 1, 0, 1),
(2677, 2, 170, 1, 1, 1, 0, 1),
(2678, 2, 171, 0, 0, 0, 0, 1),
(2679, 2, 172, 0, 0, 0, 0, 1),
(2680, 2, 173, 0, 0, 0, 0, 1),
(2681, 6, 174, 0, 0, 0, 0, 1),
(2682, 6, 175, 0, 0, 0, 0, 1),
(2683, 6, 176, 0, 0, 1, 0, 1),
(2684, 5, 1, 0, 0, 0, 0, 1),
(2685, 5, 2, 0, 0, 0, 0, 1),
(2686, 5, 3, 0, 0, 0, 0, 1),
(2687, 5, 4, 0, 0, 0, 0, 1),
(2688, 5, 5, 0, 0, 0, 0, 1),
(2689, 5, 6, 0, 0, 0, 0, 1),
(2690, 5, 7, 0, 0, 0, 0, 1),
(2691, 5, 8, 0, 0, 0, 0, 1),
(2692, 5, 64, 0, 0, 0, 0, 1),
(2693, 5, 65, 0, 0, 0, 0, 1),
(2694, 5, 63, 0, 0, 0, 0, 1),
(2695, 5, 79, 0, 0, 0, 0, 1),
(2696, 5, 81, 0, 0, 0, 0, 1),
(2697, 5, 82, 0, 0, 0, 0, 1),
(2698, 5, 83, 0, 0, 0, 0, 1),
(2699, 5, 84, 0, 0, 0, 0, 1),
(2700, 5, 85, 0, 0, 0, 0, 1),
(2701, 5, 100, 0, 0, 0, 0, 1),
(2702, 5, 101, 0, 0, 0, 0, 1),
(2703, 5, 103, 0, 0, 0, 0, 1),
(2704, 5, 10, 0, 0, 0, 0, 1),
(2705, 5, 11, 0, 0, 0, 0, 1),
(2706, 5, 12, 0, 0, 0, 0, 1),
(2707, 5, 14, 0, 0, 0, 0, 1),
(2708, 5, 15, 0, 0, 0, 0, 1),
(2709, 5, 16, 0, 0, 0, 0, 1),
(2710, 5, 17, 0, 0, 0, 0, 1),
(2711, 5, 18, 0, 0, 0, 0, 1),
(2712, 5, 19, 0, 0, 0, 0, 1),
(2713, 5, 20, 0, 0, 0, 0, 1),
(2714, 5, 102, 0, 0, 0, 0, 1),
(2715, 5, 21, 0, 0, 0, 0, 1),
(2716, 5, 86, 0, 0, 0, 0, 1),
(2717, 5, 87, 0, 0, 0, 0, 1),
(2718, 5, 174, 0, 0, 0, 0, 1),
(2719, 5, 23, 0, 0, 0, 0, 1),
(2720, 5, 24, 0, 0, 0, 0, 1),
(2721, 5, 25, 0, 0, 0, 0, 1),
(2722, 5, 88, 0, 0, 0, 0, 1),
(2723, 5, 89, 0, 0, 0, 0, 1),
(2724, 5, 164, 0, 0, 0, 0, 1),
(2725, 5, 26, 0, 0, 0, 0, 1),
(2726, 5, 28, 0, 0, 0, 0, 1),
(2727, 5, 29, 0, 0, 0, 0, 1),
(2728, 5, 30, 0, 0, 0, 0, 1),
(2729, 5, 31, 0, 0, 0, 0, 1),
(2730, 5, 32, 0, 0, 0, 0, 1),
(2731, 5, 132, 0, 0, 0, 0, 1),
(2732, 5, 33, 0, 0, 0, 0, 1),
(2733, 5, 34, 0, 0, 0, 0, 1),
(2734, 5, 35, 0, 0, 0, 0, 1),
(2735, 5, 67, 0, 0, 0, 0, 1),
(2736, 5, 68, 0, 0, 0, 0, 1),
(2737, 5, 90, 0, 0, 0, 0, 1),
(2738, 5, 91, 0, 0, 0, 0, 1),
(2739, 5, 92, 0, 0, 0, 0, 1),
(2740, 5, 93, 0, 0, 0, 0, 1),
(2741, 5, 94, 0, 0, 0, 0, 1),
(2742, 5, 95, 0, 0, 0, 0, 1),
(2743, 5, 37, 0, 0, 0, 0, 1),
(2744, 5, 38, 0, 0, 0, 0, 1),
(2745, 5, 66, 0, 0, 0, 0, 1),
(2746, 5, 40, 0, 0, 0, 0, 1),
(2747, 5, 41, 0, 0, 0, 0, 1),
(2748, 5, 42, 0, 0, 0, 0, 1),
(2749, 5, 43, 0, 0, 0, 0, 1),
(2750, 5, 44, 0, 0, 0, 0, 1),
(2751, 5, 45, 0, 0, 0, 0, 1),
(2752, 5, 47, 0, 0, 0, 0, 1),
(2753, 5, 48, 0, 0, 0, 0, 1),
(2754, 5, 69, 0, 0, 0, 0, 1),
(2755, 5, 50, 0, 0, 1, 0, 1),
(2756, 5, 51, 0, 0, 1, 0, 1),
(2757, 5, 52, 0, 0, 1, 0, 1),
(2758, 5, 53, 0, 0, 1, 0, 1),
(2759, 5, 54, 0, 0, 0, 0, 1),
(2760, 5, 56, 0, 0, 0, 0, 1),
(2761, 5, 57, 0, 0, 0, 0, 1),
(2762, 5, 58, 0, 0, 0, 0, 1),
(2763, 5, 59, 0, 0, 0, 0, 1),
(2764, 5, 60, 0, 0, 0, 0, 1),
(2765, 5, 61, 0, 0, 0, 0, 1),
(2766, 5, 96, 0, 0, 0, 0, 1),
(2767, 5, 97, 0, 0, 0, 0, 1),
(2768, 5, 98, 0, 0, 0, 0, 1),
(2769, 5, 99, 0, 0, 0, 0, 1),
(2770, 5, 146, 0, 0, 0, 0, 1),
(2771, 5, 147, 0, 0, 0, 0, 1),
(2772, 5, 155, 0, 0, 0, 0, 1),
(2773, 5, 156, 0, 0, 0, 0, 1),
(2774, 5, 160, 0, 0, 0, 0, 1),
(2775, 5, 163, 0, 0, 0, 0, 1),
(2776, 5, 62, 0, 0, 0, 0, 1),
(2777, 5, 107, 0, 0, 0, 0, 1),
(2778, 5, 108, 0, 0, 0, 0, 1),
(2779, 5, 109, 0, 0, 0, 0, 1),
(2780, 5, 110, 0, 0, 0, 0, 1),
(2781, 5, 111, 0, 0, 0, 0, 1),
(2782, 5, 112, 0, 0, 0, 0, 1),
(2783, 5, 113, 0, 0, 0, 0, 1),
(2784, 5, 114, 0, 0, 0, 0, 1),
(2785, 5, 115, 0, 0, 0, 0, 1),
(2786, 5, 116, 0, 0, 0, 0, 1),
(2787, 5, 117, 0, 0, 0, 0, 1),
(2788, 5, 118, 0, 0, 0, 0, 1),
(2789, 5, 119, 0, 0, 0, 0, 1),
(2790, 5, 120, 0, 0, 0, 0, 1),
(2791, 5, 121, 0, 0, 0, 0, 1),
(2792, 5, 122, 0, 0, 0, 0, 1),
(2793, 5, 123, 0, 0, 0, 0, 1),
(2794, 5, 124, 0, 0, 0, 0, 1),
(2795, 5, 125, 0, 0, 0, 0, 1),
(2796, 5, 126, 0, 0, 0, 0, 1),
(2797, 5, 127, 0, 0, 0, 0, 1),
(2798, 5, 128, 0, 0, 0, 0, 1),
(2799, 5, 129, 0, 0, 0, 0, 1),
(2800, 5, 133, 0, 0, 0, 0, 1),
(2801, 5, 134, 0, 0, 0, 0, 1),
(2802, 5, 135, 0, 0, 0, 0, 1),
(2803, 5, 136, 0, 0, 0, 0, 1),
(2804, 5, 137, 0, 0, 0, 0, 1),
(2805, 5, 138, 0, 0, 0, 0, 1),
(2806, 5, 139, 0, 0, 0, 0, 1),
(2807, 5, 140, 0, 0, 0, 0, 1),
(2808, 5, 141, 0, 0, 0, 0, 1),
(2809, 5, 145, 0, 0, 0, 0, 1),
(2810, 5, 153, 0, 0, 0, 0, 1),
(2811, 5, 161, 0, 0, 0, 0, 1),
(2812, 5, 162, 0, 0, 0, 0, 1),
(2813, 5, 166, 0, 0, 0, 0, 1),
(2814, 5, 167, 0, 0, 0, 0, 1),
(2815, 5, 168, 0, 0, 0, 0, 1),
(2816, 5, 169, 0, 0, 0, 0, 1),
(2817, 5, 175, 0, 0, 0, 0, 1),
(2818, 5, 176, 0, 0, 0, 0, 1),
(2819, 5, 70, 0, 0, 1, 0, 1),
(2820, 5, 71, 0, 0, 1, 0, 1),
(2821, 5, 72, 0, 0, 1, 0, 1),
(2822, 5, 73, 0, 0, 1, 0, 1),
(2823, 5, 74, 0, 0, 1, 0, 1),
(2824, 5, 77, 0, 0, 1, 0, 1),
(2825, 5, 104, 0, 0, 1, 0, 1),
(2826, 5, 75, 0, 0, 0, 0, 1),
(2827, 5, 76, 0, 0, 0, 0, 1),
(2828, 5, 78, 0, 0, 0, 0, 1),
(2829, 5, 105, 0, 0, 0, 0, 1),
(2830, 5, 106, 0, 0, 0, 0, 1),
(2831, 5, 130, 0, 0, 0, 0, 1),
(2832, 5, 131, 0, 0, 0, 0, 1),
(2833, 5, 142, 0, 0, 1, 0, 1),
(2834, 5, 143, 0, 0, 1, 0, 1),
(2835, 5, 144, 0, 0, 1, 0, 1),
(2836, 5, 150, 0, 0, 1, 0, 1),
(2837, 5, 151, 0, 0, 1, 0, 1),
(2838, 5, 152, 0, 0, 1, 0, 1),
(2839, 5, 157, 0, 0, 1, 0, 1),
(2840, 5, 158, 0, 0, 1, 0, 1),
(2841, 5, 159, 0, 0, 1, 0, 1),
(2842, 5, 165, 0, 0, 1, 0, 1),
(2843, 5, 170, 0, 0, 0, 0, 1),
(2844, 5, 171, 0, 0, 0, 0, 1),
(2845, 5, 172, 0, 0, 0, 0, 1),
(2846, 5, 173, 0, 0, 0, 0, 1),
(2847, 10, 174, 0, 0, 0, 0, 1),
(2848, 10, 175, 0, 0, 0, 0, 1),
(2849, 10, 176, 0, 0, 0, 0, 1),
(2850, 11, 174, 0, 0, 0, 0, 1),
(2851, 11, 175, 0, 0, 0, 0, 1),
(2852, 11, 176, 0, 0, 0, 0, 1),
(2853, 1, 174, 1, 0, 1, 1, 1),
(2854, 1, 175, 0, 0, 1, 0, 1),
(2855, 1, 176, 0, 0, 1, 0, 1),
(2856, 3, 1, 0, 0, 0, 0, 1),
(2857, 3, 2, 0, 0, 0, 0, 1),
(2858, 3, 3, 0, 0, 0, 0, 1),
(2859, 3, 4, 0, 0, 0, 0, 1),
(2860, 3, 5, 0, 0, 0, 0, 1),
(2861, 3, 6, 0, 0, 0, 0, 1),
(2862, 3, 7, 0, 0, 0, 0, 1),
(2863, 3, 8, 0, 0, 0, 0, 1),
(2864, 3, 64, 0, 0, 0, 0, 1),
(2865, 3, 65, 0, 0, 0, 0, 1),
(2866, 3, 63, 0, 0, 0, 0, 1),
(2867, 3, 79, 0, 0, 0, 0, 1),
(2868, 3, 81, 0, 0, 0, 0, 1),
(2869, 3, 82, 0, 0, 0, 0, 1),
(2870, 3, 83, 0, 0, 0, 0, 1),
(2871, 3, 84, 0, 0, 0, 0, 1),
(2872, 3, 85, 0, 0, 0, 0, 1),
(2873, 3, 100, 0, 0, 0, 0, 1),
(2874, 3, 101, 0, 0, 0, 0, 1),
(2875, 3, 103, 0, 0, 0, 0, 1),
(2876, 3, 10, 0, 0, 0, 0, 1),
(2877, 3, 11, 0, 0, 0, 0, 1),
(2878, 3, 12, 0, 0, 0, 0, 1),
(2879, 3, 14, 0, 0, 0, 0, 1),
(2880, 3, 15, 0, 0, 0, 0, 1),
(2881, 3, 16, 0, 0, 0, 0, 1),
(2882, 3, 17, 0, 0, 0, 0, 1),
(2883, 3, 18, 0, 0, 0, 0, 1),
(2884, 3, 19, 0, 0, 0, 0, 1),
(2885, 3, 20, 1, 0, 1, 0, 1),
(2886, 3, 102, 1, 0, 1, 0, 1),
(2887, 3, 21, 0, 0, 1, 0, 1),
(2888, 3, 86, 0, 0, 0, 0, 1),
(2889, 3, 87, 0, 0, 0, 0, 1),
(2890, 3, 174, 0, 0, 0, 0, 1),
(2891, 3, 23, 0, 0, 0, 0, 1),
(2892, 3, 24, 0, 0, 0, 0, 1),
(2893, 3, 25, 0, 0, 1, 0, 1),
(2894, 3, 88, 0, 0, 1, 0, 1),
(2895, 3, 89, 0, 0, 1, 0, 1),
(2896, 3, 164, 0, 0, 1, 0, 1),
(2897, 3, 26, 0, 0, 1, 0, 1),
(2898, 3, 28, 0, 0, 1, 0, 1),
(2899, 3, 29, 0, 0, 1, 0, 1),
(2900, 3, 30, 0, 0, 1, 0, 1),
(2901, 3, 31, 0, 0, 1, 0, 1),
(2902, 3, 32, 0, 0, 1, 0, 1),
(2903, 3, 132, 0, 0, 1, 0, 1),
(2904, 3, 33, 0, 0, 1, 0, 1),
(2905, 3, 34, 0, 0, 1, 0, 1),
(2906, 3, 35, 0, 0, 1, 0, 1),
(2907, 3, 67, 0, 0, 1, 0, 1),
(2908, 3, 68, 0, 0, 1, 0, 1),
(2909, 3, 90, 0, 0, 1, 0, 1),
(2910, 3, 91, 0, 0, 1, 0, 1),
(2911, 3, 92, 0, 0, 1, 0, 1),
(2912, 3, 93, 0, 0, 1, 0, 1),
(2913, 3, 94, 0, 0, 1, 0, 1),
(2914, 3, 95, 0, 0, 1, 0, 1),
(2915, 3, 37, 0, 0, 1, 0, 1),
(2916, 3, 38, 0, 0, 0, 0, 1),
(2917, 3, 66, 0, 0, 0, 0, 1),
(2918, 3, 40, 0, 0, 1, 0, 1),
(2919, 3, 41, 0, 0, 1, 0, 1),
(2920, 3, 42, 0, 0, 1, 0, 1),
(2921, 3, 43, 0, 0, 0, 0, 1),
(2922, 3, 44, 0, 0, 0, 0, 1),
(2923, 3, 45, 0, 0, 0, 0, 1),
(2924, 3, 47, 1, 0, 1, 0, 1),
(2925, 3, 48, 0, 0, 1, 0, 1),
(2926, 3, 69, 1, 0, 1, 0, 1),
(2927, 3, 50, 0, 0, 1, 0, 1),
(2928, 3, 51, 0, 0, 1, 0, 1),
(2929, 3, 52, 0, 0, 1, 0, 1),
(2930, 3, 53, 0, 0, 1, 0, 1),
(2931, 3, 54, 0, 0, 1, 0, 1),
(2932, 3, 56, 0, 0, 0, 0, 1),
(2933, 3, 57, 0, 0, 0, 0, 1),
(2934, 3, 58, 0, 0, 0, 0, 1),
(2935, 3, 59, 0, 0, 0, 0, 1),
(2936, 3, 60, 0, 0, 0, 0, 1),
(2937, 3, 61, 0, 0, 0, 0, 1),
(2938, 3, 96, 0, 0, 0, 0, 1),
(2939, 3, 97, 0, 0, 0, 0, 1),
(2940, 3, 98, 0, 0, 0, 0, 1),
(2941, 3, 99, 0, 0, 0, 0, 1),
(2942, 3, 146, 0, 0, 0, 0, 1),
(2943, 3, 147, 0, 0, 0, 0, 1),
(2944, 3, 155, 0, 0, 0, 0, 1),
(2945, 3, 156, 0, 0, 0, 0, 1),
(2946, 3, 160, 0, 0, 0, 0, 1),
(2947, 3, 163, 0, 0, 0, 0, 1),
(2948, 3, 62, 0, 0, 0, 0, 1),
(2949, 3, 107, 0, 0, 0, 0, 1),
(2950, 3, 108, 0, 0, 0, 0, 1),
(2951, 3, 109, 0, 0, 0, 0, 1),
(2952, 3, 110, 0, 0, 0, 0, 1),
(2953, 3, 111, 0, 0, 0, 0, 1),
(2954, 3, 112, 0, 0, 0, 0, 1),
(2955, 3, 113, 0, 0, 0, 0, 1),
(2956, 3, 114, 0, 0, 0, 0, 1),
(2957, 3, 115, 0, 0, 0, 0, 1),
(2958, 3, 116, 0, 0, 0, 0, 1),
(2959, 3, 117, 0, 0, 0, 0, 1),
(2960, 3, 118, 0, 0, 0, 0, 1),
(2961, 3, 119, 0, 0, 0, 0, 1),
(2962, 3, 120, 0, 0, 0, 0, 1),
(2963, 3, 121, 0, 0, 0, 0, 1),
(2964, 3, 122, 0, 0, 0, 0, 1),
(2965, 3, 123, 0, 0, 0, 0, 1),
(2966, 3, 124, 0, 0, 0, 0, 1),
(2967, 3, 125, 0, 0, 0, 0, 1),
(2968, 3, 126, 0, 0, 0, 0, 1),
(2969, 3, 127, 0, 0, 0, 0, 1),
(2970, 3, 128, 0, 0, 0, 0, 1),
(2971, 3, 129, 0, 0, 0, 0, 1),
(2972, 3, 133, 0, 0, 0, 0, 1),
(2973, 3, 134, 0, 0, 0, 0, 1),
(2974, 3, 135, 0, 0, 0, 0, 1),
(2975, 3, 136, 0, 0, 0, 0, 1),
(2976, 3, 137, 0, 0, 0, 0, 1),
(2977, 3, 138, 0, 0, 0, 0, 1),
(2978, 3, 139, 0, 0, 0, 0, 1),
(2979, 3, 140, 0, 0, 0, 0, 1),
(2980, 3, 141, 0, 0, 0, 0, 1),
(2981, 3, 145, 0, 0, 0, 0, 1),
(2982, 3, 153, 0, 0, 0, 0, 1),
(2983, 3, 161, 0, 0, 0, 0, 1),
(2984, 3, 162, 0, 0, 0, 0, 1),
(2985, 3, 166, 0, 0, 0, 0, 1),
(2986, 3, 167, 0, 0, 0, 0, 1),
(2987, 3, 168, 0, 0, 0, 0, 1),
(2988, 3, 169, 0, 0, 0, 0, 1),
(2989, 3, 175, 0, 0, 0, 0, 1),
(2990, 3, 176, 0, 0, 0, 0, 1),
(2991, 3, 70, 0, 0, 0, 0, 1),
(2992, 3, 71, 0, 0, 1, 0, 1),
(2993, 3, 72, 0, 0, 1, 0, 1),
(2994, 3, 73, 0, 0, 1, 0, 1),
(2995, 3, 74, 0, 0, 1, 0, 1),
(2996, 3, 77, 0, 0, 1, 0, 1),
(2997, 3, 104, 0, 0, 1, 0, 1),
(2998, 3, 75, 0, 0, 0, 0, 1),
(2999, 3, 76, 0, 0, 0, 0, 1),
(3000, 3, 78, 0, 0, 0, 0, 1),
(3001, 3, 105, 0, 0, 0, 0, 1),
(3002, 3, 106, 0, 0, 1, 0, 1),
(3003, 3, 130, 0, 0, 0, 0, 1),
(3004, 3, 131, 0, 0, 0, 0, 1),
(3005, 3, 142, 0, 0, 1, 0, 1),
(3006, 3, 143, 0, 0, 0, 0, 1),
(3007, 3, 144, 0, 0, 0, 0, 1),
(3008, 3, 150, 0, 0, 0, 0, 1),
(3009, 3, 151, 0, 0, 0, 0, 1),
(3010, 3, 152, 0, 0, 0, 0, 1),
(3011, 3, 157, 0, 0, 1, 0, 1),
(3012, 3, 158, 0, 0, 1, 0, 1),
(3013, 3, 159, 0, 0, 1, 0, 1),
(3014, 3, 165, 0, 0, 1, 0, 1),
(3015, 3, 170, 0, 0, 1, 0, 1),
(3016, 3, 171, 0, 0, 0, 0, 1),
(3017, 3, 172, 0, 0, 0, 0, 1),
(3018, 3, 173, 0, 0, 0, 0, 1),
(3019, 1, 177, 1, 0, 1, 0, 1),
(3020, 1, 178, 0, 0, 1, 0, 1),
(3021, 1, 179, 0, 0, 1, 0, 1),
(3022, 1, 180, 0, 0, 1, 0, 1),
(3023, 10, 178, 0, 0, 0, 0, 1),
(3024, 10, 179, 0, 0, 0, 0, 1),
(3025, 10, 180, 0, 0, 0, 0, 1),
(3026, 10, 177, 0, 0, 0, 0, 1),
(3027, 11, 178, 0, 0, 0, 0, 1),
(3028, 11, 179, 0, 0, 0, 0, 1),
(3029, 11, 180, 0, 0, 0, 0, 1),
(3030, 11, 177, 0, 0, 0, 0, 1),
(3031, 1, 183, 0, 0, 0, 0, 1),
(3032, 2, 178, 0, 0, 0, 0, 1),
(3033, 2, 179, 0, 0, 0, 0, 1),
(3034, 2, 180, 0, 0, 0, 0, 1),
(3035, 2, 183, 0, 0, 0, 0, 1),
(3036, 2, 177, 0, 0, 0, 0, 1),
(3037, 1, 184, 1, 1, 1, 1, 1);

-- --------------------------------------------------------

--
-- Table structure for table `product`
--

CREATE TABLE `product` (
  `product_id` int(32) NOT NULL,
  `product_name` varchar(150) NOT NULL,
  `product_model` varchar(10) NOT NULL,
  `product_description` varchar(100) NOT NULL,
  `price` varchar(32) NOT NULL
) ENGINE=InnoDB DEFAULT CHARSET=utf8mb4;

--
-- Dumping data for table `product`
--

INSERT INTO `product` (`product_id`, `product_name`, `product_model`, `product_description`, `price`) VALUES
(1, 'ALA 101- ALFA Suzuki Wagonr New ', '', '', '183'),
(2, 'ALA 102- ALFA Suzuki Mehran O/M ', '', '', '187'),
(3, 'ALA 103- ALFA Suzuki Mehran Euro', '', '', '213'),
(4, 'ALA 104- ALFA Suzuki Cultus O/M ', '', '', '198'),
(5, 'ALA 107- ALFA Suzuki Swift Air F', '', '', '245'),
(6, 'ALA 108- ALFA Suzuki Bolen/Ravi ', '', '', '210'),
(7, 'ALA 110- ALFA Suzuki Wagnor/KEI ', '', '', '251'),
(8, 'ALA 201- ALFA Daihashu Coure Air', '', '', '202'),
(9, 'ALA 202- ALFA Daihashu Mira 660c', '', '', '270'),
(10, 'ALA 301- ALFA Honda Civic Reborn', '', '', '307'),
(11, 'ABS 111F- ALFA Suzuki Alto 660cc', '', '', '1250'),
(12, 'ALA 302- ALFA Honda Civic X 5BA ', '', '', '311'),
(13, 'ALA 303- ALFA Honda City RB6 M/2', '', '', '255'),
(14, 'ALA 304- ALFA Honda Vezal 5RO ja', '', '', '311'),
(15, 'ALA 306- ALFA Honda city REA M/2', '', '', '187'),
(16, 'ALA 307- ALFA Honda BRV 55A Air ', '', '', '252'),
(17, 'ALA 308- ALFA Honda Civic Rebirt', '', '', '277'),
(18, 'ALA 401- ALFA Toyota Aqua Air Fi', '', '', '210'),
(19, 'ALA 402- ALFA Toyota O/M2003 onw', '', '', '210'),
(20, 'ALA 403-ALFA Toyota Corolla N/M2', '', '', '221'),
(21, 'ALA 408- ALFA Toyota Vitz/Ractis', '', '', '210'),
(22, 'ALA 409-ALFA Toyota Yaris Air Fi', '', '', '270'),
(23, 'ALA 602- ALFA KIA Picanto Air Fi', '', '', '247'),
(24, 'ALC 700- ALFA Suzuki Alto 660cc ', '', '', '165'),
(25, 'ALC 200- ALFA Corolla universal ', '', '', '172'),
(26, 'ALC 600- ALFA Civic X 2017 onwor', '', '', '172'),
(27, 'AlC 800- ALFA Suzuki Wagonar jap', '', '', '165'),
(28, 'ALO 101- ALFA Suzuki General Meh', '', '', '154'),
(29, 'ALO 102- ALFA Suzuki Wagnor oil ', '', '', '136'),
(30, 'ALO 103- ALFA Suzuki O/M oil Fil', '', '', '146'),
(31, 'ALO 201- ALFA Honda PR3 oil Filt', '', '', '180'),
(32, 'ALO 202- ALFA Honda RTA/PLC oil ', '', '', '180'),
(33, 'ALO 301-ALFA Toyota Corolla E1 o', '', '', '168'),
(34, 'ALO 302- ALFA Toyota Vitz/Grande', '', '', '150'),
(35, 'ALO 303- ALFA Land Cruiser oil F', '', '', '262'),
(36, 'ALO 305- ALFA Toyota 2D/2C oil F', '', '', '255'),
(37, 'ALO 402- ALFA Hyundai Santro oil', '', '', '154'),
(38, 'ALO 501- ALFA Daihashu Coure oil', '', '', '165'),
(39, 'ABS 303F- ALFA Honda City M/2009', '', '', '1500'),
(40, 'ALO 306- ALFA Toyota Couster/Hia', '', '', '206'),
(41, 'AMPG95- ALFA Multipurpose Grease', '', '', '50'),
(42, 'ANDG500- ALFA high temp non Drop', '', '', '250'),
(43, 'ACL 1- ALFA coolant prime glycol', '', '', '195'),
(44, 'ACL 2- ALFA coolant dexcool red ', '', '', '195'),
(45, 'Spray- ALFA carburettor & chock ', '', '', '105'),
(46, 'ABS 410F- ALFA Toyota Hiace m/1998 on', '', '', '1530'),
(47, 'ABS 306F- ALFA Honda City M/2003', '', '', '1260'),
(48, 'ABS 102F- ALFA Suzuki Mehran Bra', '', '', '1110'),
(49, 'ABS 408F- ALFA Toyota Vitz N/M20', '', '', '1445'),
(50, 'ABS 401F- ALFA Toyota Aqua Brake', '', '', '1445'),
(51, 'ABS 302F- ALFA Honda Civic X M/2', '', '', '1700'),
(52, 'ABS 301F- ALFA Honda Civic RB/RI', '', '', '1471'),
(53, 'ABS 101F- ALFA Suzuki Wagonr pk/', '', '', '1350'),
(54, 'ABS 402R-406R- ALFA Toyota Corol', '', '', '1365'),
(55, 'ABS 104F- ALFA Suzuki Cultus O/M', '', '', '1140'),
(56, 'ABS 403F-405F- ALFA Toyota Corol', '', '', '1535'),
(57, 'ABS 402F-406F- ALFA Toyota Corol', '', '', '1365'),
(58, 'ALA 105- ALFA Suzuki cultus Euro', '', '', '175'),
(59, 'ABF 350- ALFA Brake Fluid Dot II', '', '', '175'),
(60, 'ABS 403R-405R- ALFA Toyota Corol', '', '', '1450'),
(61, 'ABS 305F- ALFA Honda Civic X M/2', '', '', '1403'),
(62, 'ALO 401- ALFA Hyundai Shahzore o', '', '', '215'),
(63, 'ATF1- ALFA Automatic Transmissio', '', '', '600'),
(64, 'APS 350- ALFA Power Steeing oil ', '', '', '195'),
(65, 'ABS 201F- ALFA Daihatus Core', '', '', '1360'),
(66, 'ABS 112F-105F- ALFA Suzuki Alto ', '', '', '1350'),
(67, 'ABS 107F- ALFA Suzuki swift Brak', '', '', '1370'),
(68, 'ALC 500- ALFA Honda city M/2009 ', '', '', '161'),
(69, 'ALA 111- ALFA Suzuki  Alto 660cc', '', '', '220'),
(70, 'ALA 601- ALFA Kia Soprtage N/M A', '', '', '600'),
(71, 'ALO304- ALFA Toyota Prado/Vigo ', '', '', '245'),
(72, 'ATF2- ALFA Pro Trans Manual Gear', '', '', '575'),
(73, '185-R-14 Torque (Ch) Wheel', '', '', '11500'),
(74, '195-R-14 GT (indo) Hiace wheel', '', '', '13800'),
(75, '145-70-12 GT (indo) Mehran wheel', '', '', '6000'),
(76, '145-70-12 Ovation (CH) Mehran wh', '', '', '4800'),
(77, '155-70-12 Ovation-Mehran Wheel', '', '', '5250'),
(78, '155-70-12 Bridgestone-Mehran Whe', '', '', '6000'),
(79, '145-R-12 Bridgestone-Suzuki whee', '', '', '5250'),
(80, '195-R-14 Bridgestone-Shahzor whe', '', '', '17000'),
(81, '155-70-12 Luistone-Mehran Wheel', '', '', '6000'),
(82, '165-65-13 Luistone-Wagnor N/M wh', '', '', '7500'),
(83, '165-70-12 Bridestone-Mehran whee', '', '', '6500'),
(84, '145-R-12 A Plus-Suzuki wheel', '', '', '5500'),
(85, '205-R-14 A Plus-Shahzor wheel', '', '', '12500'),
(86, '165-65-13 A Plus-Cultus N/M whee', '', '', '6250'),
(87, '165-70-13 A Plus-Alto N/M whee', '', '', '6500'),
(88, '165-65-14 A Plus-Cultus N/M whe', '', '', '7000'),
(89, '145-R-12 Trazno-Suzuki wheel', '', '', '5000'),
(90, '145-70-12 Compasl-Mehran wheel', '', '', '5000'),
(91, '500-12 General-pick up wheel', '', '', '6000'),
(92, '4-50-12 service-pick up hiace wh', '', '', '4500'),
(93, '145-R-12 Habilead-Bolan every wh', '', '', '6500'),
(94, '155-R-12 Habilead-Bolan Hiace wh', '', '', '6500'),
(95, '175-70-13 Habilead-CultusO/M whe', '', '', '7000'),
(96, '195-R-14 I Link-Shahzor wheel', '', '', '11000'),
(97, '185-70-14 I Link-Honda City whee', '', '', '7500'),
(98, '215-75-14 Michelin-Shahzor wheel', '', '', '21500'),
(99, '195-70-14 Crystal-Honda Civic D/', '', '', '8000'),
(100, '165-65-14 Saferich-Cultus N/M w', '', '', '7000'),
(101, '165-70-13 Duraturn-Alto wheel', '', '', '6000'),
(102, '175-70-13 Duraturn-Cultus wheel', '', '', '6500'),
(103, '165-65-13 Zextour-Cultus N/M whe', '', '', '6625'),
(104, '165-70-13 Zextour-Alto N/M wheel', '', '', '6750'),
(105, '175-70-13 Tatko-Cultus O/M wheel', '', '', '8500'),
(106, '175-70-13 Rod March-Cultus O/M w', '', '', '6000'),
(107, '175-70-13 Iatlander-Cultus O/M w', '', '', '6225'),
(108, '195-65-15 Tracmax- XLI wheel', '', '', '10000'),
(109, '195-65-15 Ovation- XLI wheel', '', '', '9500'),
(110, '205-65-15 Luistone-Honda wheel', '', '', '11000'),
(111, '195-65-15 Tatko-Honda XLI wheel', '', '', '11500'),
(112, '195-65-15 Luistone- XLI wheel', '', '', '11000'),
(113, '195-65-15 Black Arrow- XLI wheel', '', '', '11000'),
(114, '195-65-15 Lassa- XLI wheel', '', '', '12000'),
(115, '195-R-15 Lassa-Hiace wheel', '', '', '17500'),
(116, '215-70-15 Lassa-Hiace wheel', '', '', '19500'),
(117, '185-65-15 Habilead-Honda wheel', '', '', '9500'),
(118, '195-65-15 Habilead- XLI wheel', '', '', '10000'),
(119, '195-65-15 A Plus- XLI wheel', '', '', '9800'),
(120, '185-65-15 A Plus-Honda wheel', '', '', '9250'),
(121, '195-65-15 Duraturn- XLI wheel', '', '', '9000'),
(122, '195-65-15 Raslone- XLI wheel', '', '', '8250'),
(123, '500-12-12ply Diamond-pick up whe', '', '', '5500'),
(124, '500-12-14ply Diamond-pick up whe', '', '', '6500'),
(125, '500-12-12ply service cham-pick u', '', '', '5800'),
(126, '500-12-12ply service bdsha-pick ', '', '', '6000'),
(127, '145-70-12 Torque-Mehran wheel', '', '', '5000'),
(128, '155-70-12 Torque-Mehran Wheel', '', '', '6500'),
(129, 'ALC 100- ALFA Suzuki universal M', '', '', '154'),
(130, 'ALA 405 -ALFA Toyota Prius 1.8 M', '', '', '517'),
(131, 'ABS 303R- ALFA Honda city 2001-0', '', '', '1471'),
(132, 'ALC 300- ALFA Honda Civic cabin ', '', '', '172'),
(133, 'ALC 1000- ALFA Civic CF4 2001-05', '', '', '165'),
(134, 'Z Link Corolla 10 - RBI', '', '', '1500'),
(135, '40BWD12 G/B', '', '', '1650'),
(137, 'DAC3668 G/B CULTAS O/F', '', '', '1350'),
(138, 'DAC 3668\'Koyo CH', '', '', '950'),
(139, 'DAC3562koyo CH', '', '', '950'),
(140, 'DAC3562 G/B ALTO O/F', '', '', '1350'),
(141, 'DAC2552 G/B ALTO,O/M.R', '', '', '1200'),
(142, '6007 G/B MEHRAN/F', '', '', '240'),
(143, '6204 G/B ', '', '', '180'),
(144, '6205 G/B', '', '', '195'),
(145, '6206 G/B', '', '', '350'),
(146, '15BSW02', '', '', '200'),
(147, 'CO6 SP', '', '', '100'),
(148, 'clutch barang Mehran new 47TKB3001 ultra', '', '', '850'),
(149, '90363', '', '', '850'),
(150, '50SCRN31P/4', '', '', '950'),
(151, '6000 G/B', '', '', '150'),
(152, 'C/B MEHRAN GT80080', '', '', '850'),
(153, '40BWD12 NSK CH', '', '', '1250'),
(154, 'DAC3668G/B.CH', '', '', '950'),
(155, 'DAC 3562koyo. CH', '', '', '950'),
(156, 'DAC 2552 ALTO,R,KOYO,CH', '', '', '850'),
(157, '6206nachi.ch', '', '', '250'),
(158, '6007nachi.ch', '', '', '250'),
(159, '6205nachi.ch', '', '', '220'),
(160, '6204Nachi,ch', '', '', '200'),
(161, '40bw12.nsk.japani', '', '', '3000'),
(162, 'Point,Denso', '', '', '550'),
(163, 'k16denso', '', '', '300'),
(164, 'W16,Denso', '', '', '320'),
(165, 'xu22ep.u.denso', '', '', '400'),
(166, 'F/Pump,2005,XLI,Denso', '', '', '1600'),
(167, 'F/pump2010.xli.denso', '', '', '1650'),
(168, 'F/Pump,Cultus,O/M,Denso', '', '', '1600'),
(169, 'T.B Mehran.GMB.CH', '', '', '650'),
(170, 'w/b.mehran.gmb.ch', '', '', '950'),
(171, 'w/b.mehran.ch.sp', '', '', '1450'),
(172, 'goli.2005,xli,zk', '', '', '2200'),
(173, 'Goli Corolla-2010M', '', '', '2200'),
(174, 'End Honda city-2005M sonic', '', '', '2500'),
(175, 'End Honda civic-2020M', '', '', '6000'),
(176, 'Z Link Honda-2013', '', '', '3000'),
(177, 'Z Link Honda civic-2020', '', '', '4500'),
(178, 'Godda XLI-2010', '', '', '2200'),
(179, 'Godda Mehran-2004', '', '', '1900'),
(180, 'Godda Cultus-2012', '', '', '2200'),
(181, 'Goli Honda city-2005M sonic', '', '', '2500'),
(182, 'Z Link RBI Corolla-2012M ', '', '', '1150'),
(183, 'ELFI', '', '', '20'),
(184, 'magic', '', '', '40'),
(185, '195-R-15 ilink-Hiace N/M wheel', '', '', '12500'),
(186, '195-R-14 Greenlander-Shahzor whe', '', '', '11800'),
(187, '175-70-13 Kepsen-Cultus wheel', '', '', '7000'),
(188, '175-70-13 zextour-Cultus wheel', '', '', '7000'),
(189, '165-65-13 Rod March-Cultus N/M w', '', '', '6000'),
(190, '205-60-16 Ovation-Grandy  wheel', '', '', '11500'),
(191, 'ALA 106-ALFA Suzuki every japanese', '', '', '251'),
(192, '185-R-14 Black Arrow pick up wheel', '', '', '11000'),
(193, '195-65-15 compasal wheel corolla', '', '', '9250'),
(194, 'End corolla 2010 ROD END', '', '', '1650'),
(195, 'Staring cross corolla 2010', '', '', '3000'),
(196, 'Wheel cover 12 AA products', '', '', '750'),
(197, 'Wheel cover ABS 12 AA products', '', '', '1030'),
(198, 'Wheel cover 15 AA products', '', '', '950'),
(199, 'Wheel cover ABS 15 AA products', '', '', '1500'),
(200, 'Wheel cover ABS 13 AA products', '', '', '1200'),
(202, 'ALP40 100ml', '', '', '150'),
(203, 'ALP40 200ml', '', '', '250'),
(204, 'ALP40 400ml', '', '', '360'),
(205, 'ND40 100ml', '', '', '145'),
(206, 'ND40 200ml', '', '', '240'),
(207, 'ND40 400ml', '', '', '340'),
(208, 'Cool G 1250ml', '', '', '250'),
(209, 'Cool R 1250ml', '', '', '250'),
(210, 'Car Shampoo 1000ml', '', '', '380'),
(211, 'Barqab 1000ml', '', '', '340'),
(212, 'Air Freshner Cool300ml', '', '', '170'),
(213, 'Air Freshner Brut300ml', '', '', '170'),
(214, 'Air Freshner Royal300ml', '', '', '170'),
(215, 'Air Freshner Aseel300ml', '', '', '170'),
(216, 'Tyer Shine 650ml', '', '', '320'),
(217, 'Carb Clean 200ml', '', '', '160'),
(218, 'Carb Clean 450ml', '', '', '250'),
(219, 'Carb Clean 550ml', '', '', '320'),
(220, 'Dashboard spray 450ml', '', '', '180'),
(221, 'tyer Sealant 450ml', '', '', '410'),
(222, 'DR.Scratch 227ml', '', '', '600'),
(223, 'ALP Brake Cleaner 550ml', '', '', '400'),
(224, 'slicon gray 60g', '', '', '140'),
(225, 'Ball joint every', '', '', '700'),
(226, 'Wheel Sellender kari Daba', '', '', '500'),
(227, 'staring warm kari daba', '', '', '1400'),
(228, 'Blub 1141 single point', '', '', '15'),
(229, '6305 G&B', '', '', '380'),
(230, '6203 G&B', '', '', '180'),
(231, 'Oil Filter Jak', '', '', '300'),
(232, 'clutch plates set mehran china', '', '', '5000'),
(233, 'Blub 1076 double point', '', '', '15'),
(234, 'bitarbo 15 wheel cover', '', '', '1350'),
(235, 'bitarbo 14 wheel cover', '', '', '800'),
(236, 'bitarbo 12 wheel cover', '', '', '650'),
(237, 'bitarbo 13 wheel cover', '', '', '700'),
(238, '145-70-12 Luistone Mehran wheel', '', '', '5500'),
(239, '195-65-15 yocohama e32 corolla wheel', '', '', '13500'),
(240, '195-R-15 Luistone wheel', '', '', '13500'),
(241, '195-R-15 ovation wheel', '', '', '12500'),
(242, '195-R-14 zextour wheel', '', '', '11800'),
(243, '185-R-14 Lonway wheel', '', '', '10000'),
(244, 'Sk 32', '', '', '150'),
(245, 'waiper paip', '', '', '10'),
(246, 'Air filter Honda civic 2005', '', '', '220'),
(247, 'Eshara F Mehran', '', '', '80'),
(248, 'Machli blub big', '', '', '40'),
(249, '1016 blub double point', '', '', '20'),
(250, 'waiper XLi new 2010', '', '', '450'),
(251, 'Tirmenal big', '', '', '90'),
(252, 'Tirmenal small', '', '', '50'),
(253, 'Chat shisha Mehran', '', '', '160'),
(254, 'Holder singal point plastic', '', '', '20'),
(255, 'Holder double point plastic', '', '', '20'),
(256, 'End Boot Suzuki', '', '', '20'),
(257, 'End Boot Corolla', '', '', '30'),
(258, 'End Boot Shahzor', '', '', '40'),
(259, 'Goli set hiace baksa sonic', '', '', '2200'),
(260, 'End hiace baksa sonic', '', '', '2500'),
(261, 'ABS 302R-ALFA Honda Civic X M/2017', '', '', '1650'),
(262, 'Air Filter 30060 Baksa', '', '', '600'),
(263, 'Air Filter 30070 Baksa', '', '', '700'),
(264, 'OIl Filter 31080 Baksa max', '', '', '380'),
(265, 'OIl Filter YZZD4 Toyota', '', '', '350'),
(266, 'Harran TT open', '', '', '650'),
(267, 'Harran Pa pa', '', '', '950'),
(268, 'cut bush baksa', '', '', '150'),
(269, 'kich bush baksa', '', '', '200'),
(270, 'Diper swich Mehran', '', '', '1800'),
(271, 'D Shesha kari daba', '', '', '700'),
(272, 'Dasti cultus outer F--R', '', '', '250'),
(273, 'Dasti cultus outer F--L', '', '', '250'),
(274, 'Hisa seal kari daba', '', '', '150'),
(275, 'Main seal XLI', '', '', '450'),
(276, 'garip 9005/6', '', '', '200'),
(277, 'Rely Denso small', '', '', '150'),
(278, 'Rely Garip Denso small', '', '', '200'),
(279, 'Ragmar 100no`', '', '', '50'),
(280, 'Side Shesha alto 1000cc', '', '', '300'),
(281, 'Brake Swich kari daba', '', '', '150'),
(282, 'On Off Swich', '', '', '130'),
(283, 'Midgarde Eshara Mehran', '', '', '80'),
(284, 'Cross kari daba', '', '', '600'),
(285, 'Chamta Mehran', '', '', '1400'),
(286, 'Body Polich Cosmic', '', '', '800'),
(287, 'Body Polich Formula', '', '', '700'),
(288, 'End hiace baksa', '', '', '1700'),
(289, 'Wheel Pana sp', '', '', '330'),
(290, 'kich pipe shahzor', '', '', '100'),
(291, 'Center Bush kari daba', '', '', '100'),
(292, 'Center Bush Double barang kari daba', '', '', '350'),
(293, '175-70-14 Black Arrow', '', '', '8000'),
(294, '175-70-14 Zextour', '', '', '7000'),
(295, '175-70-14 Compasal', '', '', '7000'),
(296, '175-70-14 Charmoo', '', '', '7000'),
(297, 'body polich care x', '', '', '550'),
(298, 'ALC 400-ALFA cabin Filter Toyota universal O/M/2002-2008', '', '', '173'),
(299, 'Goli set hiace baksa china', '', '', '2200'),
(300, 'Side Shesha cultus 1000cc	', '', '', '450'),
(301, 'Shock mounting corolla 2010-20 model', '', '', '1000'),
(302, 'Gear mounting mehran', '', '', '350'),
(303, 'NoN A73 Brake pads F', '', '', '1200'),
(304, 'NoN A79 Brake pads R', '', '', '1000'),
(305, 'NoN A208 cultus Brake pads F', '', '', '1200'),
(306, 'NoN A124 mehran Brake pads F', '', '', '1000'),
(307, 'Asuki A73 corolla 2010-20 brake pads F', '', '', '2700'),
(308, 'Asuki A79 corolla 2010-20 brake pads R', '', '', '2200'),
(309, 'Asuki A208 corolla 2007 Model brake pads R', '', '', '1650'),
(310, 'Asuki A124 mehran brake pads F', '', '', '1700'),
(311, 'Asuki A190 Shahzor brake pads F', '', '', '2600'),
(312, 'A180 DX honda city 2018 barke pads F', '', '', '1200'),
(313, 'A75 DX witz old barke pads F', '', '', '1200'),
(314, 'Ac D9015 cultus Brake pads F', '', '', '1500'),
(315, 'Ac D9027 Alto 1000cc Brake pads F', '', '', '1500'),
(316, 'SGP 76G02 alto new brake pads F copper', '', '', '800'),
(317, 'SGP 71L02 swift brake pads F copper', '', '', '1200'),
(318, 'SGP 61G73 khybar brake pads F copper', '', '', '1000'),
(319, 'Nk 9001 khybar brake pads F', '', '', '800'),
(320, 'SGP 55810 wagnor brake pads F copper', '', '', '1200'),
(321, 'Oil Filter XLI new Toyota', '', '', '130'),
(322, 'Air Filter XLI new Toyota', '', '', '140'),
(323, 'Oil Filter Suzuki', '', '', '110'),
(324, 'Oil Filter Hiace Toyota', '', '', '300'),
(325, 'OIl Filter 31080 Baksa Toyota', '', '', '150'),
(326, 'OIl Filter 163 guard Toyota Hiace', '', '', '350'),
(327, 'staring Bush krc mehran', '', '', '100'),
(328, 'End Every Fuji', '', '', '1200'),
(329, 'Leather Suzuki swift MK ', '', '', '1500'),
(330, 'Brang 6007 Bear max ', '', '', '310'),
(331, '195-65-15 Rod March wheel XLI', '', '', '9250'),
(332, '205-60-16 Rod March Grandy wheel', '', '', '10000'),
(333, '195-R-14 Lassa wheel', '', '', '17000'),
(334, '195-65-15 Zextoure wheel XLI', '', '', '9000'),
(335, 'chemty cultas-rec0', '', '', '3600'),
(336, 'ledar lok keri', '', '', '30'),
(337, 'goda cultas o/m 19', '', '', '2000'),
(338, 'goda mehran', '', '', '1800'),
(339, 'goda balieno', '', '', '2200'),
(340, 'shakh peking f cultas', '', '', '225'),
(341, '155-70-12 cantara', '', '', '5500'),
(342, '6007 b/m', '', '', '330'),
(343, '6204 b/m', '', '', '220'),
(344, '6205 b/m', '', '', '270'),
(345, '40bw12 b/m', '', '', '1700'),
(346, 'silicon', '', '', '80'),
(347, '145/70R12 TORQUE', '', '', '5500'),
(348, '145/70R12 TORQUE', '', '', '5500'),
(349, '155-70-12 i link Mehran weel', '', '', '6000'),
(350, '145-70-12 i link Mehran', '', '', '5000'),
(351, '175-70-13 i Link Cualtess', '', '', '7000'),
(352, '185-70-R14  Kapsen weel', '', '', '7500'),
(353, '185-70-14 zextoor', '', '', '7500'),
(354, '195-r-14 wait pati', '', '', '13500'),
(355, '195-r-14 toruqe', '', '', '14000'),
(356, '215-60-16 iLink Honda civic', '', '', '11000'),
(357, '195-65-15 road king', '', '', '9250'),
(358, '195-65-15 pally king waite letar', '', '', '10000'),
(359, '195-65-15 pally king ', '', '', '9500'),
(360, '155-70-12 pally king waite letar', '', '', '6500'),
(361, '175-70-13 kapsan', '', '', '6500'),
(362, '165-70-14 Road King', '', '', '7000'),
(364, '165-R-13 A plus', '', '', '8000'),
(365, 'Mobile A20', '', 'test', '1500'),
(366, 'Harvestor', '2020', '', '9000'),
(367, 'Mobile', '2015', 'test', '9000');

-- --------------------------------------------------------

--
-- Table structure for table `purchase`
--

CREATE TABLE `purchase` (
  `purchase_id` int(10) NOT NULL,
  `supplier_id` int(10) NOT NULL,
  `purchase_amount` double NOT NULL,
  `date` varchar(20) NOT NULL,
  `updated` varchar(20) NOT NULL
) ENGINE=InnoDB DEFAULT CHARSET=utf8mb4;

--
-- Dumping data for table `purchase`
--

INSERT INTO `purchase` (`purchase_id`, `supplier_id`, `purchase_amount`, `date`, `updated`) VALUES
(1, 2, 137151.66, '2021-08-26', '2021-09-27'),
(2, 2, 358159.16, '2021-08-27', '2021-10-12'),
(3, 2, 191877.9, '2021-09-14', '2021-09-27'),
(4, 2, 127244.2, '2021-09-02', ''),
(5, 2, 81534, '2021-09-17', '2021-09-27'),
(6, 2, 50638.4, '2021-09-21', ''),
(7, 3, 69554.8, '2021-08-25', '2021-11-04'),
(8, 2, 321216.25, '2021-09-24', ''),
(10, 0, 12500, '2021-12-09', ''),
(11, 0, 5760, '2021-09-28', ''),
(17, 0, 5220, '2021-09-13', ''),
(43, 4, 194210, '2021-09-13', '2021-10-30'),
(44, 6, 81900, '2021-09-20', ''),
(45, 3, 2366400, '2021-09-30', '2021-10-30'),
(46, 2, 251597.55, '2021-09-29', ''),
(47, 3, 112200, '2021-10-06', '2021-10-12'),
(48, 2, 185625.75, '2021-10-07', ''),
(49, 7, 31200, '2021-10-11', ''),
(50, 8, 55220, '2021-10-17', '2021-10-17'),
(51, 2, 57779.2, '2021-10-18', ''),
(52, 9, 85391, '2021-10-20', '2021-10-20'),
(53, 3, 26430, '2021-10-23', '2021-10-23'),
(54, 5, 41050, '2021-10-24', ''),
(55, 7, 193400, '2021-10-27', '2021-11-03'),
(56, 11, 73200, '2021-10-27', ''),
(57, 10, 151500, '2021-10-27', ''),
(58, 2, 266015.65, '2021-10-30', '2021-10-30'),
(59, 11, 22000, '2021-10-31', ''),
(60, 3, 48956.6, '2021-10-25', ''),
(61, 3, 28360, '2021-10-30', ''),
(62, 7, 54800, '2021-11-04', ''),
(63, 10, 52000, '2021-11-04', ''),
(64, 2, 54374.5, '2021-11-07', ''),
(65, 0, 112600, '2021-11-14', ''),
(66, 2, 96338.7, '2021-11-12', '2021-11-14'),
(67, 12, 9780, '2021-11-15', '2021-11-15'),
(68, 3, 64700, '2021-11-15', '2021-11-16'),
(69, 13, 137400, '2021-11-16', '2021-11-16'),
(70, 14, 31968, '2021-11-16', ''),
(71, 11, 86000, '2021-11-17', ''),
(72, 15, 163600, '2021-11-18', ''),
(73, 11, 18000, '2021-11-18', ''),
(74, 15, 68000, '2021-11-21', ''),
(75, 12, 5700, '2021-11-21', ''),
(76, 0, 20848, '2021-11-21', ''),
(77, 12, 6600, '2021-11-21', ''),
(78, 12, 6600, '2021-11-21', ''),
(79, 15, 100000, '2021-11-21', ''),
(80, 2, 60800, '2021-11-23', ''),
(81, 13, 269000, '2021-12-04', ''),
(82, 0, 23580, '2021-12-04', ''),
(83, 3, 1470, '2021-12-13', ''),
(84, 2, 40250, '2021-12-07', ''),
(85, 15, 42400, '2021-12-16', ''),
(86, 0, 2180, '2021-12-19', ''),
(87, 15, 207600, '2021-12-21', ''),
(88, 13, 110600, '2021-12-21', ''),
(89, 15, 44000, '2021-12-21', ''),
(90, 2, 65072, '2021-12-30', ''),
(91, 13, 154000, '2022-01-04', ''),
(92, 2, 30056, '2022-01-09', ''),
(93, 15, 64000, '2022-01-09', ''),
(94, 2, 97601, '2022-01-10', ''),
(95, 2, 69656, '2022-01-10', ''),
(96, 13, 140100, '2022-01-11', '2022-01-11'),
(97, 15, 53600, '2022-01-11', ''),
(98, 13, 624000, '2022-01-12', ''),
(99, 0, 38000, '2022-01-12', ''),
(100, 15, 38000, '2022-01-12', ''),
(101, 2, 41440, '2022-01-13', ''),
(102, 15, 72000, '2022-01-16', ''),
(103, 2, 99220, '2022-01-19', ''),
(104, 13, 40600, '2022-01-19', ''),
(105, 15, 212800, '2022-01-29', ''),
(106, 10, 272600, '2022-01-29', ''),
(107, 15, 66000, '2022-02-06', ''),
(108, 10, 185800, '2022-02-06', ''),
(109, 12, 13200, '2022-02-08', ''),
(110, 15, 40000, '2022-02-08', ''),
(111, 2, 85092, '2022-02-09', ''),
(112, 10, 57600, '2022-02-10', ''),
(113, 2, 15028, '2022-02-15', ''),
(114, 0, 22660, '2022-02-15', ''),
(115, 10, 160000, '2022-02-15', ''),
(116, 10, 30000, '2022-02-15', ''),
(117, 2, 9072, '2022-02-15', ''),
(118, 2, 2448, '2022-02-15', ''),
(119, 2, 6216, '2022-02-15', ''),
(120, 4, 200, '2022-02-16', ''),
(121, 2, 1176, '2022-02-17', ''),
(122, 2, 8304, '2022-02-17', ''),
(124, 15, 160000, '2022-02-20', ''),
(125, 15, 160000, '2022-02-20', '');

-- --------------------------------------------------------

--
-- Table structure for table `purchase_detail`
--

CREATE TABLE `purchase_detail` (
  `purchase_id` int(10) NOT NULL,
  `product_id` int(10) NOT NULL,
  `purchase_price` float NOT NULL,
  `qty` float NOT NULL,
  `total` double NOT NULL
) ENGINE=InnoDB DEFAULT CHARSET=utf8mb4;

--
-- Dumping data for table `purchase_detail`
--

INSERT INTO `purchase_detail` (`purchase_id`, `product_id`, `purchase_price`, `qty`, `total`) VALUES
(4, 43, 155.4, 24, 3729.6000000000004),
(4, 44, 155.4, 24, 3729.6000000000004),
(4, 28, 195, 120, 23400),
(4, 33, 215, 60, 12900),
(4, 25, 230, 50, 11500),
(4, 59, 120, 29, 3480),
(4, 56, 1445, 16, 23120),
(4, 60, 1400, 2, 2800),
(4, 28, 195, 65, 12675),
(4, 33, 215, 60, 12900),
(4, 59, 120, 12, 1440),
(4, 64, 140, 12, 1680),
(4, 60, 1400, 2, 2800),
(4, 1, 245, 4, 980),
(4, 2, 250, 7, 1750),
(4, 3, 285, 4, 1140),
(4, 4, 295, 2, 590),
(4, 58, 250, 4, 1000),
(4, 17, 370, 2, 740),
(4, 20, 295, 8, 2360),
(4, 25, 230, 11, 2530),
(6, 45, 97.65, 96, 9374.400000000001),
(6, 56, 1156, 20, 23120),
(6, 72, 378, 48, 18144),
(1, 1, 144.55, 24, 3469.2000000000003),
(1, 2, 147.5, 16, 2360),
(1, 3, 168.15, 13, 2185.9500000000003),
(1, 4, 174.05, 6, 1044.3000000000002),
(1, 5, 159.3, 7, 1115.1000000000001),
(1, 6, 165.2, 24, 3964.7999999999997),
(1, 7, 197.65, 2, 395.3),
(1, 8, 162.25, 2, 324.5),
(1, 9, 159.3, 6, 955.8000000000001),
(1, 10, 241.9, 6, 1451.4),
(1, 12, 244.83, 3, 734.49),
(1, 13, 200.6, 10, 2006),
(1, 14, 244.84, 2, 489.68),
(1, 15, 147.5, 5, 737.5),
(1, 16, 212.4, 1, 212.4),
(1, 17, 218.3, 2, 436.6),
(1, 18, 194.7, 6, 1168.1999999999998),
(1, 19, 159.3, 15, 2389.5),
(1, 20, 174.05, 12, 2088.6000000000004),
(1, 21, 165.2, 6, 991.1999999999999),
(1, 22, 218.3, 16, 3492.8),
(1, 23, 165.2, 6, 991.1999999999999),
(1, 24, 129.8, 11, 1427.8000000000002),
(1, 25, 135.7, 10, 1357),
(1, 26, 135.7, 6, 814.1999999999999),
(1, 27, 129.8, 6, 778.8000000000001),
(1, 28, 119.92, 33, 3957.36),
(1, 29, 118.69, 30, 3560.7),
(1, 30, 123, 24, 2952),
(1, 31, 147.6, 21, 3099.6),
(1, 32, 147.6, 37, 5461.2),
(1, 33, 132.22, 42, 5553.24),
(1, 34, 119.93, 16, 1918.88),
(1, 35, 282.9, 6, 1697.3999999999999),
(1, 36, 202.95, 8, 1623.6),
(1, 37, 127.92, 20, 2558.4),
(1, 38, 127.31, 36, 4583.16),
(1, 40, 215.24, 5, 1076.2),
(1, 41, 34.98, 60, 2098.7999999999997),
(1, 42, 192, 23, 4416),
(1, 43, 160, 52, 8320),
(1, 44, 160, 24, 3840),
(1, 45, 98, 6, 588),
(1, 46, 1224, 4, 4896),
(1, 47, 1008, 3, 3024),
(1, 48, 888, 2, 1776),
(1, 49, 1156, 2, 2312),
(1, 51, 1360, 1, 1360),
(1, 52, 1176.8, 1, 1176.8),
(1, 53, 1080, 4, 4320),
(1, 54, 1036, 2, 2072),
(1, 55, 912, 4, 3648),
(1, 56, 1156, 5, 5780),
(1, 57, 1092, 2, 2184),
(1, 39, 1176.8, 5, 5884),
(1, 11, 1008, 4, 4032),
(3, 43, 155.4, 96, 14918.400000000001),
(3, 44, 155.4, 48, 7459.200000000001),
(3, 28, 119.93, 200, 23986),
(3, 62, 215.25, 30, 6457.5),
(3, 63, 368.55, 120, 44226),
(3, 59, 127.6, 168, 21436.8),
(3, 64, 137.95, 120, 16554),
(3, 60, 1120, 1, 1120),
(3, 54, 1036, 6, 6216),
(3, 39, 1176, 4, 4704),
(3, 51, 1360, 1, 1360),
(3, 65, 1088, 10, 10880),
(3, 66, 1080, 20, 21600),
(3, 67, 1096, 10, 10960),
(5, 69, 185.85, 50, 9292.5),
(5, 70, 501.5, 20, 10030),
(5, 57, 1092, 10, 10920),
(5, 30, 132.23, 100, 13222.999999999998),
(5, 32, 147.6, 50, 7380),
(5, 35, 215.25, 50, 10762.5),
(5, 36, 209.1, 50, 10455),
(5, 71, 215.25, 44, 9471),
(8, 60, 1120, 20, 22400),
(8, 57, 1092, 25, 27300),
(8, 39, 1176.8, 10, 11768),
(8, 52, 1176.8, 10, 11768),
(8, 72, 377.65, 60, 22659),
(8, 44, 155.4, 100, 15540),
(8, 26, 135.7, 87, 11805.9),
(8, 33, 140.22, 240, 33652.8),
(8, 130, 407.1, 35, 14248.5),
(8, 58, 147.5, 50, 7375),
(8, 131, 1122.4, 7, 7856.800000000001),
(8, 45, 97.65, 55, 5370.75),
(8, 6, 165.2, 70, 11564),
(8, 43, 155.4, 180, 27972),
(8, 21, 165.2, 30, 4956),
(8, 132, 135.7, 100, 13569.999999999998),
(8, 129, 129.8, 50, 6490.000000000001),
(8, 25, 135.7, 15, 2035.4999999999998),
(8, 24, 129.8, 100, 12980.000000000002),
(8, 27, 129.8, 40, 5192),
(8, 133, 129.8, 20, 2596),
(8, 56, 1156, 15, 17340),
(8, 46, 1304, 19, 24776),
(10, 135, 1250, 10, 12500),
(11, 137, 960, 6, 5760),
(17, 141, 870, 6, 5220),
(44, 170, 600, 5, 3000),
(44, 171, 1000, 6, 6000),
(44, 172, 1250, 2, 2500),
(44, 173, 1250, 5, 6250),
(44, 174, 1600, 5, 8000),
(44, 175, 3000, 2, 6000),
(44, 176, 1500, 2, 3000),
(44, 177, 2200, 2, 4400),
(44, 178, 1625, 4, 6500),
(44, 179, 1450, 4, 5800),
(44, 180, 1625, 4, 6500),
(44, 181, 1600, 2, 3200),
(44, 182, 750, 25, 18750),
(44, 183, 12, 50, 600),
(44, 184, 28, 50, 1400),
(46, 20, 174.05, 100, 17405),
(46, 19, 162.25, 50, 8112.5),
(46, 68, 135.7, 40, 5428),
(46, 51, 1360, 5, 6800),
(46, 33, 140.22, 240, 33652.8),
(46, 13, 200.6, 50, 10030),
(46, 39, 1176.8, 20, 23536),
(46, 2, 147.5, 20, 2950),
(46, 52, 1176.8, 10, 11768),
(46, 1, 144.55, 60, 8673),
(46, 3, 168.15, 50, 8407.5),
(46, 7, 197.65, 15, 2964.75),
(46, 42, 191.1, 200, 38220),
(46, 46, 1304, 20, 26080),
(46, 49, 1156, 10, 11560),
(46, 28, 123, 240, 29520),
(46, 18, 165.2, 20, 3304),
(46, 8, 159.3, 20, 3186),
(48, 191, 197.65, 35, 6917.75),
(48, 21, 165.2, 40, 6608),
(48, 56, 1156, 23, 26588),
(48, 131, 1088, 20, 21760),
(48, 39, 1176, 10, 11760),
(48, 65, 1088, 22, 23936),
(48, 55, 912, 39, 35568),
(48, 47, 1008, 20, 20160),
(48, 11, 1008, 16, 16128),
(48, 66, 1080, 15, 16200),
(2, 42, 192, 12, 2304),
(2, 6, 165.2, 15, 2478),
(2, 3, 168.15, 70, 11770.5),
(2, 4, 174.05, 50, 8702.5),
(2, 58, 147.5, 20, 2950),
(2, 5, 159.3, 20, 3186),
(2, 8, 162.25, 30, 4867.5),
(2, 10, 241.9, 30, 7257),
(2, 12, 244.85, 30, 7345.5),
(2, 43, 155.4, 60, 9324),
(2, 44, 155.4, 60, 9324),
(2, 17, 218.3, 20, 4366),
(2, 15, 147.5, 30, 4425),
(2, 19, 159.3, 30, 4779),
(2, 28, 119.93, 12, 1439.16),
(2, 32, 147.6, 100, 14760),
(2, 34, 119.92, 50, 5996),
(2, 38, 127.3, 50, 6365),
(2, 20, 174.05, 100, 17405),
(2, 59, 112, 60, 6720),
(2, 22, 218.3, 50, 10915),
(2, 56, 1156, 5, 5780),
(2, 60, 1120, 10, 11200),
(2, 52, 1176, 40, 47040),
(2, 51, 1360, 5, 6800),
(2, 61, 1020, 5, 5100),
(2, 48, 888, 50, 44400),
(2, 49, 1156, 20, 23120),
(2, 46, 1224, 5, 6120),
(2, 53, 1080, 20, 21600),
(2, 47, 1008, 20, 20160),
(2, 11, 1008, 20, 20160),
(47, 124, 5000, 4, 20000),
(47, 125, 4800, 4, 19200),
(47, 126, 5000, 2, 10000),
(47, 123, 4500, 4, 18000),
(47, 192, 9000, 5, 45000),
(49, 193, 7800, 4, 31200),
(50, 196, 590, 24, 14160),
(50, 197, 880, 12, 10560),
(50, 200, 950, 10, 9500),
(50, 198, 850, 10, 8500),
(50, 199, 1250, 10, 12500),
(51, 41, 30.78, 60, 1846.8000000000002),
(51, 6, 165.2, 100, 16520),
(51, 24, 129.8, 78, 10124.400000000001),
(51, 56, 1156, 1, 1156),
(51, 60, 1120, 1, 1120),
(51, 57, 1092, 21, 22932),
(51, 51, 1360, 3, 4080),
(52, 202, 119, 24, 2856),
(52, 203, 170, 36, 6120),
(52, 204, 260, 24, 6240),
(52, 208, 193, 12, 2316),
(52, 209, 193, 36, 6948),
(52, 210, 250, 12, 3000),
(52, 211, 240, 12, 2880),
(52, 212, 133, 24, 3192),
(52, 213, 133, 24, 3192),
(52, 214, 133, 24, 3192),
(52, 215, 133, 24, 3192),
(52, 217, 133, 36, 4788),
(52, 218, 205, 48, 9840),
(52, 221, 325, 23, 7475),
(52, 220, 168, 120, 20160),
(53, 225, 500, 6, 3000),
(53, 226, 440, 18, 7920),
(53, 227, 1200, 4, 4800),
(53, 229, 330, 10, 3300),
(53, 230, 140, 10, 1400),
(53, 231, 250, 2, 500),
(53, 232, 3950, 1, 3950),
(53, 233, 13, 60, 780),
(53, 228, 13, 60, 780),
(54, 236, 500, 6, 3000),
(54, 237, 550, 27, 14850),
(54, 235, 650, 8, 5200),
(54, 234, 1200, 15, 18000),
(56, 243, 9150, 8, 73200),
(57, 241, 10500, 7, 73500),
(57, 242, 9750, 8, 78000),
(58, 38, 135.3, 50, 6765.000000000001),
(58, 24, 129.8, 70, 9086),
(58, 51, 1360, 20, 27200),
(58, 17, 218.3, 18, 3929.4),
(58, 31, 162.36, 20, 3247.2000000000003),
(58, 33, 140.2, 200, 28039.999999999996),
(58, 25, 135.7, 100, 13569.999999999998),
(58, 20, 174.05, 17, 2958.8500000000004),
(58, 56, 1156, 12, 13872),
(58, 48, 888, 23, 20424),
(58, 54, 1036, 38, 39368),
(58, 261, 1320, 40, 52800),
(58, 43, 155.4, 288, 44755.200000000004),
(45, 109, 8000, 8, 64000),
(45, 111, 10000, 8, 80000),
(45, 119, 9300, 2, 18600),
(45, 108, 9300, 26, 241800),
(45, 118, 9300, 4, 37200),
(45, 117, 8500, 8, 68000),
(45, 120, 8500, 4, 34000),
(45, 112, 10000, 8, 80000),
(45, 113, 10000, 4, 40000),
(45, 110, 10000, 4, 40000),
(45, 116, 17200, 6, 103200),
(45, 115, 14500, 4, 58000),
(45, 96, 10500, 1, 10500),
(45, 185, 10000, 3, 30000),
(45, 97, 6500, 6, 39000),
(45, 100, 6200, 4, 24800),
(45, 88, 6000, 8, 48000),
(45, 99, 7000, 4, 28000),
(45, 186, 9300, 10, 93000),
(45, 98, 18000, 2, 36000),
(45, 80, 14500, 5, 72500),
(45, 85, 10000, 4, 40000),
(45, 87, 5000, 8, 40000),
(45, 86, 5000, 3, 15000),
(45, 95, 6000, 12, 72000),
(45, 106, 5000, 6, 30000),
(45, 105, 7000, 4, 28000),
(45, 187, 6000, 4, 24000),
(45, 104, 6000, 16, 96000),
(45, 103, 5000, 4, 20000),
(45, 188, 6500, 8, 52000),
(45, 82, 6500, 4, 26000),
(45, 189, 5000, 8, 40000),
(45, 83, 5000, 12, 60000),
(45, 81, 5000, 20, 100000),
(45, 128, 4800, 6, 28800),
(45, 94, 5500, 2, 11000),
(45, 93, 5000, 6, 30000),
(45, 77, 4500, 2, 9000),
(45, 75, 5000, 4, 20000),
(45, 76, 4200, 10, 42000),
(45, 79, 4500, 4, 18000),
(45, 127, 4500, 34, 153000),
(45, 84, 5000, 20, 100000),
(45, 107, 5000, 4, 20000),
(45, 110, 10000, 2, 20000),
(45, 102, 5000, 1, 5000),
(45, 190, 10000, 2, 20000),
(43, 135, 1250, 10, 12500),
(43, 137, 960, 6, 5760),
(43, 140, 930, 6, 5580),
(43, 141, 870, 6, 5220),
(43, 142, 210, 20, 4200),
(43, 143, 145, 20, 2900),
(43, 144, 160, 20, 3200),
(43, 145, 235, 20, 4700),
(43, 146, 95, 20, 1900),
(43, 147, 50, 40, 2000),
(43, 148, 290, 10, 2900),
(43, 149, 290, 10, 2900),
(43, 150, 380, 5, 1900),
(43, 151, 65, 20, 1300),
(43, 169, 425, 10, 4250),
(43, 153, 700, 4, 2800),
(43, 138, 600, 4, 2400),
(43, 139, 600, 4, 2400),
(43, 156, 550, 4, 2200),
(43, 157, 180, 10, 1800),
(43, 158, 160, 10, 1600),
(43, 160, 120, 10, 1200),
(43, 159, 130, 10, 1300),
(43, 161, 2200, 4, 8800),
(43, 162, 410, 20, 8200),
(43, 164, 240, 100, 24000),
(43, 163, 210, 100, 21000),
(43, 165, 280, 100, 28000),
(43, 166, 890, 10, 8900),
(43, 167, 890, 10, 8900),
(43, 168, 950, 10, 9500),
(59, 78, 5500, 4, 22000),
(60, 244, 130, 20, 2600),
(60, 245, 200, 1, 200),
(60, 246, 150, 6, 900),
(60, 247, 65, 12, 780),
(60, 248, 27, 31, 837),
(60, 249, 13, 20, 260),
(60, 250, 370, 6, 2220),
(60, 251, 700, 1, 700),
(60, 252, 400, 1, 400),
(60, 253, 130, 6, 780),
(60, 254, 14, 12, 168),
(60, 255, 14, 12, 168),
(60, 256, 10, 24, 240),
(60, 257, 15, 24, 360),
(60, 258, 20.9, 24, 501.59999999999997),
(60, 259, 1950, 1, 1950),
(60, 260, 1950, 2, 3900),
(60, 262, 450, 2, 900),
(60, 263, 550, 1, 550),
(60, 264, 350, 4, 1400),
(60, 265, 300, 2, 600),
(60, 266, 350, 10, 3500),
(60, 267, 500, 3, 1500),
(60, 268, 110, 12, 1320),
(60, 269, 160, 12, 1920),
(60, 270, 1450, 2, 2900),
(60, 271, 500, 6, 3000),
(60, 274, 90, 12, 1080),
(60, 275, 250, 10, 2500),
(60, 276, 70, 48, 3360),
(60, 277, 125, 24, 3000),
(60, 278, 140, 24, 3360),
(60, 279, 29, 38, 1102),
(61, 280, 350, 2, 700),
(61, 281, 80, 10, 800),
(61, 282, 70, 10, 700),
(61, 283, 40, 24, 960),
(61, 284, 470, 5, 2350),
(61, 285, 1000, 5, 5000),
(61, 286, 750, 4, 3000),
(61, 287, 650, 4, 2600),
(61, 288, 1250, 2, 2500),
(61, 224, 125, 12, 1500),
(61, 162, 430, 10, 4300),
(61, 289, 290, 6, 1740),
(61, 290, 450, 1, 450),
(61, 291, 40, 24, 960),
(61, 292, 200, 4, 800),
(55, 238, 4650, 8, 37200),
(55, 192, 10000, 6, 60000),
(55, 239, 12000, 2, 24000),
(55, 240, 11800, 4, 47200),
(55, 239, 12500, 2, 25000),
(7, 50, 1156, 3, 3468),
(7, 52, 1176, 1, 1176),
(7, 55, 912, 4, 3648),
(7, 39, 1176.8, 1, 1176.8),
(7, 54, 1036, 4, 4144),
(7, 46, 1224, 1, 1224),
(7, 25, 135.7, 11, 1492.6999999999998),
(7, 12, 444.85, 4, 1779.4),
(7, 42, 192, 13, 2496),
(7, 69, 210, 8, 1680),
(7, 34, 119.92, 12, 1439.04),
(7, 28, 119.93, 17, 2038.8100000000002),
(7, 33, 132.22, 15, 1983.3),
(7, 51, 1360, 1, 1360),
(7, 56, 1156, 4, 4624),
(7, 11, 1135, 3, 3405),
(7, 53, 1080, 1, 1080),
(7, 2, 174.5, 6, 1047),
(7, 22, 218.3, 4, 873.2),
(7, 6, 165.2, 12, 1982.3999999999999),
(7, 3, 168.15, 11, 1849.65),
(7, 10, 241.9, 5, 1209.5),
(7, 15, 147.5, 5, 737.5),
(7, 1, 144.55, 6, 867.3000000000001),
(7, 20, 174.5, 6, 1047),
(7, 59, 112, 26, 2912),
(7, 44, 155.4, 11, 1709.4),
(7, 43, 155.4, 12, 1864.8000000000002),
(7, 63, 450, 16, 7200),
(7, 191, 200, 7, 1400),
(7, 224, 80, 8, 640),
(7, 59, 120, 50, 6000),
(62, 293, 7600, 4, 30400),
(62, 296, 6100, 4, 24400),
(63, 294, 6500, 4, 26000),
(63, 295, 6500, 4, 26000),
(64, 59, 127.6, 120, 15312),
(64, 60, 1120, 25, 28000),
(64, 2, 147.5, 75, 11062.5),
(65, 81, 5500, 8, 44000),
(65, 112, 9300, 2, 18600),
(65, 239, 12500, 4, 50000),
(66, 33, 140.2, 200, 28039.999999999996),
(66, 59, 127.6, 180, 22968),
(66, 42, 191.1, 12, 2293.2),
(66, 20, 174.05, 50, 8702.5),
(66, 2, 147.5, 20, 2950),
(66, 28, 123, 200, 24600),
(66, 298, 135.7, 50, 6784.999999999999),
(67, 297, 490, 7, 3430),
(67, 299, 1650, 2, 3300),
(67, 300, 610, 5, 3050),
(69, 93, 5600, 20, 112000),
(69, 94, 6350, 4, 25400),
(70, 321, 85, 100, 8500),
(70, 323, 85, 100, 8500),
(70, 322, 100, 100, 10000),
(70, 246, 155, 6, 930),
(70, 325, 95, 10, 950),
(70, 326, 298, 6, 1788),
(70, 324, 300, 2, 600),
(70, 264, 350, 2, 700),
(68, 301, 800, 8, 6400),
(68, 302, 250, 2, 500),
(68, 303, 1100, 7, 7700),
(68, 304, 900, 3, 2700),
(68, 305, 850, 3, 2550),
(68, 306, 900, 5, 4500),
(68, 307, 2500, 1, 2500),
(68, 308, 2000, 2, 4000),
(68, 309, 1500, 1, 1500),
(68, 310, 1600, 2, 3200),
(68, 311, 2400, 1, 2400),
(68, 312, 1000, 1, 1000),
(68, 313, 1050, 2, 2100),
(68, 314, 1300, 1, 1300),
(68, 315, 1350, 1, 1350),
(68, 316, 700, 9, 6300),
(68, 317, 1100, 6, 6600),
(68, 318, 850, 4, 3400),
(68, 319, 700, 2, 1400),
(68, 320, 1000, 3, 3000),
(68, 183, 15, 20, 300),
(71, 331, 8500, 8, 68000),
(71, 332, 9000, 2, 18000),
(72, 333, 15700, 4, 62800),
(72, 334, 8400, 12, 100800),
(73, 332, 9000, 2, 18000),
(74, 331, 8500, 8, 68000),
(75, 335, 2850, 2, 5700),
(76, 340, 140, 6, 840),
(76, 336, 17, 24, 408),
(76, 135, 1400, 6, 8400),
(76, 337, 1800, 4, 7200),
(76, 339, 2000, 2, 4000),
(77, 338, 1650, 4, 6600),
(78, 338, 1650, 4, 6600),
(79, 78, 5300, 8, 42400),
(79, 341, 4800, 12, 57600),
(80, 56, 1120, 30, 33600),
(80, 261, 1360, 20, 27200),
(81, 84, 5300, 30, 159000),
(81, 93, 5500, 20, 110000),
(82, 330, 260, 20, 5200),
(82, 143, 180, 20, 3600),
(82, 144, 200, 20, 4000),
(82, 343, 210, 6, 1260),
(82, 344, 220, 6, 1320),
(82, 345, 1500, 2, 3000),
(82, 142, 260, 20, 5200),
(83, 346, 70, 21, 1470),
(84, 28, 135.3, 100, 13530.000000000002),
(84, 33, 147.6, 100, 14760),
(84, 56, 1196, 10, 11960),
(85, 78, 5300, 8, 42400),
(86, 140, 1090, 2, 2180),
(87, 115, 17300, 12, 207600),
(88, 98, 20100, 2, 40200),
(88, 116, 17600, 4, 70400),
(89, 78, 5500, 8, 44000),
(90, 41, 38, 100, 3800),
(90, 1, 144, 50, 7200),
(90, 13, 200, 50, 10000),
(90, 56, 1196, 10, 11960),
(90, 63, 527, 12, 6324),
(90, 60, 1196, 3, 3588),
(90, 28, 135, 100, 13500),
(90, 20, 174, 50, 8700),
(91, 73, 10200, 10, 102000),
(91, 94, 6500, 8, 52000),
(92, 50, 1156, 26, 30056),
(93, 351, 7000, 4, 28000),
(93, 350, 6000, 6, 36000),
(94, 8, 162, 8, 1296),
(94, 298, 136, 7, 952),
(94, 68, 135, 13, 1755),
(94, 25, 136, 22, 2992),
(94, 24, 130, 14, 1820),
(94, 27, 130, 13, 1690),
(94, 26, 136, 16, 2176),
(94, 129, 129, 14, 1806),
(94, 132, 135, 15, 2025),
(94, 4, 178, 12, 2136),
(94, 3, 168, 4, 672),
(94, 2, 148, 16, 2368),
(94, 19, 159, 7, 1113),
(94, 20, 174, 22, 3828),
(94, 1, 144, 17, 2448),
(94, 69, 185, 6, 1110),
(94, 7, 198, 11, 2178),
(94, 13, 201, 10, 2010),
(94, 58, 148, 7, 1036),
(94, 6, 165, 11, 1815),
(94, 22, 218, 24, 5232),
(94, 12, 245, 9, 2205),
(94, 18, 195, 5, 975),
(94, 21, 145, 6, 870),
(94, 17, 218, 7, 1526),
(94, 15, 148, 5, 740),
(94, 10, 241, 9, 2169),
(94, 39, 1176, 1, 1176),
(94, 53, 1080, 2, 2160),
(94, 47, 1008, 1, 1008),
(94, 55, 912, 1, 912),
(94, 57, 1092, 1, 1092),
(94, 56, 1196, 1, 1196),
(94, 261, 1320, 1, 1320),
(94, 28, 135, 5, 675),
(94, 31, 148, 15, 2220),
(94, 34, 120, 19, 2280),
(94, 33, 132, 63, 8316),
(94, 38, 127, 13, 1651),
(94, 32, 140, 8, 1120),
(94, 59, 128, 24, 3072),
(94, 43, 160, 15, 2400),
(94, 44, 160, 8, 1280),
(94, 45, 110, 10, 1100),
(94, 41, 35, 12, 420),
(94, 42, 192, 6, 1152),
(94, 63, 527, 12, 6324),
(94, 72, 378, 8, 3024),
(94, 64, 138, 20, 2760),
(95, 28, 134, 180, 24120),
(95, 50, 1548, 7, 10836),
(95, 58, 147, 50, 7350),
(95, 32, 161, 100, 16100),
(95, 62, 250, 45, 11250),
(97, 352, 6700, 4, 26800),
(97, 353, 6700, 4, 26800),
(96, 354, 11600, 6, 69600),
(96, 355, 11750, 6, 70500),
(98, 84, 5200, 120, 624000),
(99, 356, 9500, 4, 38000),
(100, 356, 9500, 4, 38000),
(101, 60, 1120, 37, 41440),
(102, 350, 4500, 16, 72000),
(103, 4, 188, 100, 18800),
(103, 44, 155, 144, 22320),
(103, 16, 212, 40, 8480),
(103, 28, 135, 200, 27000),
(103, 20, 174, 130, 22620),
(104, 98, 20300, 2, 40600),
(105, 360, 5500, 8, 44000),
(105, 358, 8800, 8, 70400),
(105, 357, 8200, 12, 98400),
(106, 359, 8350, 12, 100200),
(106, 334, 8050, 12, 96600),
(106, 116, 17500, 2, 35000),
(106, 103, 5100, 8, 40800),
(107, 78, 5500, 12, 66000),
(108, 119, 8050, 20, 161000),
(108, 362, 6200, 4, 24800),
(109, 297, 550, 24, 13200),
(110, 113, 10000, 4, 40000),
(111, 6, 165, 100, 16500),
(111, 2, 147, 50, 7350),
(111, 28, 135, 200, 27000),
(111, 33, 147, 150, 22050),
(111, 59, 127, 96, 12192),
(112, 242, 9600, 6, 57600),
(113, 56, 1156, 13, 15028),
(114, 60, 1030, 22, 22660),
(115, 121, 8000, 20, 160000),
(116, 364, 7500, 4, 30000),
(117, 11, 1008, 9, 9072),
(118, 46, 1224, 2, 2448),
(119, 48, 888, 7, 6216),
(120, 151, 100, 2, 200),
(121, 39, 1176, 1, 1176),
(122, 66, 1080, 6, 6480),
(122, 55, 912, 2, 1824),
(124, 121, 8000, 20, 160000),
(125, 357, 8000, 20, 160000);

-- --------------------------------------------------------

--
-- Table structure for table `register`
--

CREATE TABLE `register` (
  `user_id` int(10) NOT NULL,
  `type` int(11) NOT NULL COMMENT '0=admin\r\n1=user',
  `name` varchar(32) NOT NULL,
  `phone` varchar(32) NOT NULL,
  `email` varchar(50) NOT NULL,
  `password` varchar(32) NOT NULL,
  `pic` varchar(100) NOT NULL,
  `detail` varchar(500) NOT NULL,
  `time` datetime NOT NULL DEFAULT current_timestamp()
) ENGINE=InnoDB DEFAULT CHARSET=utf8;

--
-- Dumping data for table `register`
--

INSERT INTO `register` (`user_id`, `type`, `name`, `phone`, `email`, `password`, `pic`, `detail`, `time`) VALUES
(1, 0, 'Salman Bhatti', '03454444778', 'salman@test.com', 'abc123', 'sc.jpg', 'adf              Test data', '2021-04-09 00:00:00'),
(2, 1, 'Malik Zohaib Hassan', '03001320400', 'zohaib@pos.com', 'abc123', 'user-1632681926.png', '', '2021-09-26 14:45:26'),
(3, 1, 'Munil Shah', '03045484981', 'munil@pos.com', 'abc123', 'user-1632682066.jpg', '', '2021-09-26 14:47:46');

-- --------------------------------------------------------

--
-- Table structure for table `roles`
--

CREATE TABLE `roles` (
  `role_id` int(11) NOT NULL,
  `role_name` varchar(50) NOT NULL,
  `role_note` varchar(255) DEFAULT NULL
) ENGINE=MyISAM DEFAULT CHARSET=utf8;

--
-- Dumping data for table `roles`
--

INSERT INTO `roles` (`role_id`, `role_name`, `role_note`) VALUES
(1, 'Super Admin', 'Super Admin User'),
(2, 'Admin', 'Admin User'),
(3, 'Guardian', 'Guardian/Parent User'),
(4, 'Student', 'Student User'),
(5, 'Teacher', 'Teacher User'),
(6, 'Accountant', 'Accountant User'),
(12, 'tester', 'hlo how r u?');

-- --------------------------------------------------------

--
-- Table structure for table `salary`
--

CREATE TABLE `salary` (
  `salary_id` int(10) NOT NULL,
  `staff_id` int(10) NOT NULL,
  `paid_salary` varchar(10) NOT NULL,
  `over_time` decimal(10,0) NOT NULL,
  `deduction` decimal(10,0) NOT NULL,
  `total_salary` varchar(10) NOT NULL,
  `date` varchar(30) NOT NULL
) ENGINE=InnoDB DEFAULT CHARSET=utf8mb4;

--
-- Dumping data for table `salary`
--

INSERT INTO `salary` (`salary_id`, `staff_id`, `paid_salary`, `over_time`, `deduction`, `total_salary`, `date`) VALUES
(1, 2, '16000', '0', '0', '16000', '2021-10-06'),
(2, 3, '10000', '0', '0', '10000', '2021-10-06'),
(3, 2, '16000', '0', '0', '16000', '2021-10-06'),
(4, 3, '10000', '0', '0', '10000', '2021-10-06'),
(5, 2, '16000', '900', '0', '16900', '2022-03-01'),
(6, 3, '10000', '300', '0', '10300', '2022-03-01'),
(7, 2, '16000', '100', '50', '16050', '2022-03-01'),
(8, 3, '10000', '0', '0', '10000', '2022-03-01'),
(9, 2, '9000', '100', '30', '9070', '2022-03-13');

-- --------------------------------------------------------

--
-- Table structure for table `sale`
--

CREATE TABLE `sale` (
  `sale_id` int(10) NOT NULL,
  `customer_id` int(10) NOT NULL,
  `sale_amount` double NOT NULL,
  `inv_discount` double NOT NULL,
  `paid` double NOT NULL,
  `due` double NOT NULL,
  `due_promise` varchar(20) NOT NULL,
  `invoice_note` longtext NOT NULL,
  `date` varchar(20) NOT NULL,
  `updated` varchar(20) NOT NULL
) ENGINE=InnoDB DEFAULT CHARSET=utf8mb4;

--
-- Dumping data for table `sale`
--

INSERT INTO `sale` (`sale_id`, `customer_id`, `sale_amount`, `inv_discount`, `paid`, `due`, `due_promise`, `invoice_note`, `date`, `updated`) VALUES
(5, 7, 620, 0, 0, 0, '', '', '2021-09-27', ''),
(6, 43, 200, 0, 0, 0, '', '', '2021-09-06', ''),
(7, 44, 450, 0, 0, 0, '', '', '2021-09-06', ''),
(9, 46, 400, 0, 400, 0, '', '', '2021-09-07', '2021-11-08'),
(10, 46, 1150, 0, 0, 0, '', '', '2021-09-11', ''),
(11, 46, 1150, 0, 0, 0, '', '', '2021-09-12', ''),
(12, 47, 650, 0, 0, 0, '', '', '2021-09-14', ''),
(13, 48, 1650, 0, 0, 0, '', '', '2021-09-15', ''),
(14, 50, 200, 0, 0, 0, '', '', '2021-09-16', ''),
(15, 51, 950, 0, 0, 0, '', '', '2021-09-16', ''),
(16, 52, 500, 0, 0, 0, '', '', '2021-09-18', ''),
(17, 53, 1000, 0, 0, 0, '', '', '2021-09-18', ''),
(18, 46, 5840, 0, 0, 0, '', '', '2021-09-18', ''),
(19, 55, 550, 0, 0, 0, '', '', '2021-09-19', ''),
(20, 56, 550, 0, 0, 0, '', '', '2021-09-19', ''),
(21, 57, 550, 0, 0, 0, '', '', '2021-09-19', ''),
(22, 46, 2750, 0, 0, 0, '', '', '2021-09-20', ''),
(23, 58, 2700, 0, 0, 0, '', '', '2021-09-27', ''),
(24, 60, 10500, 0, 0, 0, '', '', '2021-09-30', ''),
(25, 9, 5424, 4, 5420, 0, '', '', '2021-09-01', ''),
(27, 61, 11700, 0, 0, 0, '', '', '2021-09-30', ''),
(29, 63, 6470, 0, 0, 0, '', '', '2021-10-03', ''),
(30, 8, 4374, 4, 4370, 0, '', '', '2021-09-01', ''),
(31, 10, 1740, 0, 1000, 740, '', '', '2021-09-01', ''),
(32, 9, 1720, 0, 1720, 0, '', '', '2021-09-02', ''),
(33, 24, 5070, 0, 3830, 1240, '', '', '2021-09-02', '2021-11-11'),
(34, 15, 1850, 0, 1850, 0, '', '', '2021-09-02', ''),
(35, 27, 1730, 0, 1730, 0, '', '', '2021-09-02', ''),
(36, 14, 1410, 0, 1410, 0, '', '', '2021-09-02', '2021-11-11'),
(37, 20, 310, 0, 0, 310, '', '', '2021-09-02', ''),
(38, 17, 1260, 0, 1260, 0, '', '', '2021-09-04', ''),
(39, 16, 440, 0, 440, 0, '', '', '2021-09-04', ''),
(40, 20, 2555, 0, 2555, 0, '', '', '2021-09-04', ''),
(41, 21, 1110, 0, 1110, 0, '', '', '2021-09-04', ''),
(42, 30, 4440, 0, 4400, 40, '', '', '2021-09-04', '2021-10-28'),
(43, 26, 6686, 0, 6686, 0, '', '', '2021-09-04', '2021-11-14'),
(44, 40, 3432, 0, 3432, 0, '', '', '2021-09-04', ''),
(45, 22, 22200, 0, 10000, 12200, '', '', '2021-09-06', ''),
(46, 11, 5861, 0, 3000, 2861, '', '', '2021-09-06', '2021-11-17'),
(47, 12, 4585, 0, 1740, 2845, '', '', '2021-09-06', ''),
(48, 16, 4220, 0, 4220, 0, '', '', '2021-09-09', ''),
(49, 17, 4881, 0, 3195, 1686, '', '', '2021-09-09', '2021-11-11'),
(50, 18, 740, 0, 740, 0, '', '', '2021-09-09', ''),
(51, 31, 4470, 0, 3000, 1470, '', '', '2021-09-09', '2021-11-18'),
(52, 32, 870, 0, 0, 870, '', '', '2021-09-09', ''),
(53, 33, 8436, 0, 5000, 3436, '', '', '2021-09-09', ''),
(54, 27, 1632, 0, 1630, 2, '', '', '2021-09-09', ''),
(55, 26, 3336, 0, 3336, 0, '', '', '2021-09-09', '2021-11-14'),
(56, 34, 8985, 0, 7000, 1985, '', '', '2021-09-11', '2021-11-17'),
(57, 34, 3907, 0, 2000, 1907, '', '', '2021-09-11', ''),
(58, 32, 3816, 0, 2000, 1816, '', '', '2021-09-13', ''),
(61, 10, 2357, 0, 0, 2357, '', '', '2021-09-13', ''),
(62, 36, 6580, 0, 0, 6580, '', '', '2021-09-13', ''),
(63, 11, 370, 0, 1000, -630, '', '', '2021-09-13', ''),
(64, 12, 14404, 0, 7818, 6586, '', '', '2021-09-13', '2021-10-28'),
(65, 37, 5950, 0, 0, 5950, '', '', '2021-09-14', ''),
(66, 64, 12304, 0, 0, 12304, '', '', '2021-09-14', ''),
(67, 65, 7391, 0, 0, 0, '', '', '2021-10-03', ''),
(68, 64, 11161, 0, 4600, 6561, '', '', '2021-09-05', ''),
(69, 66, 7872, 0, 0, 7872, '', '', '2021-09-15', ''),
(70, 67, 315, 0, 315, 0, '', '', '2021-09-15', ''),
(71, 68, 496, 0, 0, 496, '', '', '2021-09-15', ''),
(72, 17, 900, 0, 1200, -300, '', '', '2021-09-16', ''),
(73, 38, 4563, 0, 4563, 0, '', '', '2021-09-16', '2021-11-04'),
(74, 31, 2845, 0, 0, 2845, '', '', '2021-09-16', ''),
(75, 21, 2272, 0, 2272, 0, '', '', '2021-09-16', '2021-11-11'),
(76, 24, 2918, 0, 2918, 0, '', '', '2021-09-16', ''),
(77, 39, 1110, 0, 1110, 0, '', '', '2021-09-16', '2021-11-18'),
(78, 29, 1110, 0, 1110, 0, '', '', '2021-09-16', ''),
(79, 28, 2660, 0, 2000, 660, '', '', '2021-09-16', ''),
(80, 14, 2904, 0, 2904, 0, '', '', '2021-09-19', '2021-11-11'),
(81, 10, 1080, 0, 800, 280, '', '', '2021-09-20', '2021-10-14'),
(82, 36, 4614, 0, 5000, -384, '', '', '2021-09-19', ''),
(83, 11, 3735, 0, 2300, 1435, '', '', '2021-09-20', ''),
(84, 12, 11988, 0, 11988, 0, '', '', '2021-09-20', '2021-10-17'),
(85, 38, 4055, 0, 4055, 0, '', '', '2021-09-20', '2021-11-04'),
(86, 33, 2560, 0, 2560, 0, '', '', '2021-09-20', ''),
(87, 37, 2150, 0, 6400, -4250, '', '', '2021-09-21', ''),
(88, 68, 210, 0, 0, 210, '', '', '2021-09-22', ''),
(89, 70, 765, 0, 765, 0, '', '', '2021-09-22', ''),
(90, 69, 3545, 0, 2000, 1545, '', '', '2021-09-22', ''),
(91, 14, 573, 0, 573, 0, '', '', '2021-09-22', '2021-11-11'),
(92, 17, 1606, 0, 2000, -394, '', '', '2021-09-23', ''),
(93, 31, 1445, 0, 2000, -555, '', '', '2021-09-23', ''),
(94, 22, 6660, 0, 7000, -340, '', '', '2021-09-23', ''),
(95, 21, 630, 0, 630, 0, '', '', '2021-09-23', '2021-11-11'),
(96, 21, 1740, 0, 1740, 0, '', '', '2021-09-23', ''),
(97, 24, 2770, 0, 3000, -230, '', '', '2021-09-23', ''),
(98, 39, 1355, 0, 1355, 0, '', '', '2021-09-23', '2021-11-18'),
(99, 40, 8571, 0, 8571, 0, '', '', '2021-09-23', ''),
(100, 38, 1630, 0, 1630, 0, '', '', '2021-09-23', '2021-11-04'),
(101, 37, 2652, 0, 0, 2652, '', '', '2021-09-25', ''),
(102, 36, 3938, 0, 0, 3938, '', '', '2021-09-27', ''),
(103, 11, 5660, 0, 2500, 3160, '', '', '2021-09-27', ''),
(104, 12, 20516, 0, 17372, 3144, '', '', '2021-09-27', '2021-11-11'),
(105, 12, 3035, 0, 0, 3035, '', '', '2021-09-27', '2021-10-17'),
(106, 40, 6120, 0, 6120, 0, '', '', '2021-09-27', ''),
(107, 41, 2220, 0, 2220, 0, '', '', '2021-09-27', '2021-11-14'),
(109, 68, 1700, 0, 1156, 544, '', '', '2021-09-29', '2021-10-20'),
(110, 69, 5162, 0, 5000, 162, '', '', '2021-09-29', ''),
(111, 14, 2257, 0, 2257, 0, '', '', '2021-09-30', '2021-11-11'),
(112, 15, 5065, 0, 1000, 4065, '', '', '2021-09-30', '2021-10-07'),
(113, 18, 1632, 0, 1600, 32, '', '', '2021-09-30', ''),
(114, 31, 3140, 0, 1104, 2036, '', '', '2021-09-30', '2021-11-11'),
(115, 21, 2280, 0, 2280, 0, '', '', '2021-09-30', '2021-11-11'),
(116, 24, 6542, 0, 5000, 1542, '', '', '2021-09-30', ''),
(117, 39, 1740, 0, 1740, 0, '', '', '2021-09-30', '2021-11-18'),
(118, 34, 925, 0, 1500, -575, '', '', '2021-09-30', ''),
(119, 26, 10113, 0, 10113, 0, '', '', '2021-09-30', '2021-11-14'),
(120, 38, 3432, 0, 3432, 0, '', '', '2021-09-30', '2021-11-04'),
(121, 28, 12950, 0, 0, 12950, '', '', '2021-09-30', ''),
(122, 28, 2490, 0, 2000, 490, '', '', '2021-09-30', '2021-10-21'),
(124, 17, 1471, 0, 0, 1471, '', '', '2021-10-02', ''),
(125, 71, 250, 0, 0, 0, '', '', '2021-09-08', ''),
(126, 72, 2200, 0, 0, 0, '', '', '2021-09-08', ''),
(127, 73, 1800, 0, 1800, 0, '', '', '2021-10-04', ''),
(128, 74, 11000, 0, 11000, 0, '', '', '2021-10-04', ''),
(129, 75, 6000, 0, 0, 0, '', '', '2021-10-04', ''),
(130, 63, 1600, 0, 1600, 0, '', '', '2021-10-04', ''),
(131, 76, 20000, 0, 20000, 0, '', '', '2021-10-05', ''),
(132, 77, 1800, 0, 1800, 0, '', '', '2021-10-05', ''),
(133, 30, 10800, 0, 10800, 0, '', '', '2021-10-05', '2021-10-30'),
(134, 63, 1600, 0, 1600, 0, '', '', '2021-10-05', ''),
(135, 16, 2720, 0, 3000, -280, '', '', '2021-10-05', '2021-10-07'),
(138, 79, 1445, 0, 1445, 0, '', '', '2021-10-06', ''),
(140, 10, 1927, 0, 2000, 0, '', '', '2021-10-04', ''),
(141, 80, 2220, 0, 2220, 0, '', '', '2021-10-04', ''),
(142, 36, 16403, 0, 3500, 12903, '', '', '2021-10-04', '2021-10-06'),
(143, 11, 2079, 0, 1000, 1079, '', '', '2021-10-04', ''),
(144, 12, 14274, 0, 14274, 0, '', '', '2021-10-04', '2021-10-17'),
(145, 12, 7165, 0, 7165, 0, '', '', '2021-10-04', '2021-11-17'),
(146, 64, 25006, 0, 25006, 0, '', '', '2021-10-05', ''),
(147, 64, 13955, 0, 13955, 0, '', '', '2021-10-05', ''),
(148, 68, 344, 0, 344, 0, '', '', '2021-10-06', '2021-10-20'),
(149, 69, 4232, 0, 3000, 1232, '', '', '2021-10-06', ''),
(150, 82, 2784, 0, 2784, 0, '', '', '2021-10-06', ''),
(151, 81, 12000, 0, 6000, 6000, '', '', '2021-10-06', '2021-10-06'),
(152, 63, 1000, 0, 1000, 0, '', '', '2021-10-06', ''),
(153, 63, 900, 0, 900, 0, '', '', '2021-10-06', '2021-10-27'),
(154, 34, 925, 0, 950, -25, '', '', '2021-10-07', '2021-10-07'),
(155, 83, 1400, 0, 0, 0, '', '', '2021-10-07', ''),
(156, 17, 3292, 0, 4000, -708, '', '', '2021-10-07', '2021-10-07'),
(157, 63, 20250, 0, 20250, 0, '', '', '2021-10-07', ''),
(158, 38, 1740, 0, 1740, 0, '', '', '2021-10-07', '2021-11-04'),
(159, 18, 171, 0, 171, 0, '', '', '2021-10-07', ''),
(160, 21, 2916, 0, 2916, 0, '', '', '2021-10-07', '2021-11-11'),
(161, 33, 4206, 0, 4000, 206, '', '', '2021-10-07', ''),
(162, 27, 14157, 0, 4000, 10157, '', '', '2021-10-07', '2021-10-28'),
(163, 28, 6088, 0, 6000, 88, '', '', '2021-10-07', '2021-11-18'),
(164, 83, 23000, 0, 23000, 0, '', '', '2021-10-07', ''),
(165, 85, 950, 0, 950, 0, '', '', '2021-10-09', ''),
(166, 24, 19000, 0, 10000, 9000, '', '', '2021-10-09', ''),
(167, 84, 22000, 0, 0, 22000, '', '', '2021-10-09', '2021-10-09'),
(168, 63, 200, 0, 200, 0, '', '', '2021-10-09', ''),
(169, 53, 400, 0, 400, 0, '', '', '2021-10-09', ''),
(170, 63, 400, 0, 400, 0, '', '', '2021-10-09', ''),
(171, 63, 450, 0, 450, 0, '', '', '2021-10-09', ''),
(172, 53, 250, 0, 250, 0, '', '', '2021-10-09', ''),
(173, 63, 200, 0, 200, 0, '', '', '2021-10-09', ''),
(175, 16, 2220, 0, 3000, -780, '', '', '2021-10-10', '2021-10-14'),
(176, 63, 550, 0, 550, 0, '', '', '2021-10-10', ''),
(177, 62, 19000, 0, 19000, 0, '', '', '2021-09-28', ''),
(178, 63, 200, 0, 200, 0, '', '', '2021-10-10', ''),
(179, 24, 9500, 0, 0, 9500, '', '', '2021-10-11', ''),
(180, 84, 20000, 0, 0, 20000, '', '', '2021-10-11', ''),
(181, 86, 41400, 0, 41400, 0, '', '', '2021-10-11', ''),
(182, 63, 3800, 0, 3800, 0, '', '', '2021-10-11', ''),
(183, 63, 220, 0, 220, 0, '', '', '2021-10-11', ''),
(184, 87, 10300, 0, 10300, 0, '', '', '2021-10-12', ''),
(185, 88, 500, 0, 500, 0, '', '', '2021-10-12', ''),
(186, 63, 600, 0, 600, 0, '', '', '2021-10-12', ''),
(187, 89, 870, 0, 870, 0, '', '', '2021-10-12', ''),
(188, 90, 2845, 0, 2800, 45, '', '', '2021-10-12', ''),
(189, 21, 1365, 0, 1365, 0, '', '', '2021-10-12', '2021-11-11'),
(190, 63, 1200, 0, 1200, 0, '', '', '2021-10-12', ''),
(191, 63, 1250, 0, 1250, 0, '', '', '2021-10-12', ''),
(192, 91, 2200, 0, 2200, 0, '', '', '2021-10-13', ''),
(193, 63, 20000, 0, 20000, 0, '', '', '2021-10-13', ''),
(194, 63, 3060, 0, 3060, 0, '', '', '2021-10-13', ''),
(195, 83, 1300, 0, 1300, 0, '', '', '2021-10-14', ''),
(196, 93, 11000, 0, 11000, 0, '', '', '2021-10-14', '2021-10-25'),
(197, 92, 40430, 0, 40430, 0, '', '', '2021-10-14', ''),
(200, 12, 26280, 0, 25026, 1254, '', '', '2021-10-13', '2021-11-17'),
(201, 80, 10321, 0, 10321, 0, '', '', '2021-10-14', '2021-11-11'),
(202, 36, 4050, 0, 0, 4050, '', '', '2021-10-14', ''),
(203, 11, 1350, 0, 2000, -650, '', '', '2021-10-14', ''),
(204, 12, 20563, 0, 0, 20563, '', '', '2021-10-14', '2021-10-14'),
(205, 26, 7180, 0, 7180, 0, '', '', '2021-10-14', '2021-11-14'),
(206, 40, 6872, 0, 6872, 0, '', '', '2021-10-14', '2021-11-04'),
(207, 17, 350, 0, 0, 350, '', '', '2021-10-14', ''),
(208, 66, 3027, 0, 1500, 1527, '', '', '2021-10-14', '2021-10-14'),
(209, 21, 8900, 0, 8461, 439, '', '', '2021-10-14', '2021-11-11'),
(210, 24, 1778, 0, 3000, -1222, '', '', '2021-10-14', ''),
(211, 39, 630, 0, 630, 0, '', '', '2021-10-14', '2021-10-21'),
(213, 27, 3372, 0, 3368, 4, '', '', '2021-10-14', '2021-11-18'),
(214, 14, 1446, 0, 1446, 0, '', '', '2021-10-14', '2021-11-11'),
(215, 70, 3162, 6, 0, 3156, '', '', '2021-10-13', ''),
(216, 69, 1716, 0, 2000, -284, '', '', '2021-10-13', ''),
(217, 63, 700, 0, 700, 0, '', '', '2021-10-14', ''),
(218, 94, 1737, 0, 0, 1737, '', '', '2021-10-13', ''),
(219, 96, 1050, 0, 1050, 0, '', '', '2021-10-13', ''),
(220, 95, 2560, 20, 1500, 1040, '', '', '2021-10-13', ''),
(221, 63, 500, 0, 500, 0, '', '', '2021-10-14', ''),
(222, 32, 3179, 0, 1000, 0, '', '', '2021-10-16', ''),
(223, 63, 2400, 0, 2400, 0, '', '', '2021-10-16', ''),
(224, 97, 4500, 0, 3000, 1500, '', '', '2021-10-16', ''),
(225, 62, 5000, 0, 0, 5000, '', '', '2021-10-16', '2021-10-30'),
(226, 63, 12000, 0, 11500, 0, '', '', '2021-10-16', ''),
(227, 63, 5500, 0, 5500, 0, '', '', '2021-10-16', ''),
(228, 63, 493, 0, 500, 0, '', '', '2021-10-16', ''),
(229, 63, 10300, 300, 10000, 0, '', '', '2021-10-17', ''),
(230, 8, 2900, 20, 2700, 0, '', '', '2021-10-17', ''),
(231, 98, 2200, 0, 2200, 0, '', '', '2021-10-17', ''),
(233, 84, 10300, 300, 0, 10000, '', '', '2021-10-17', ''),
(234, 63, 4350, 0, 4350, 0, '', '', '2021-10-17', ''),
(235, 63, 2170, 0, 2170, 0, '', '', '2021-10-17', ''),
(236, 63, 11500, 0, 11500, 0, '', '', '2021-10-18', ''),
(237, 63, 2350, 0, 2350, 0, '', '', '2021-10-18', ''),
(238, 63, 4900, 0, 4900, 0, '', '', '2021-10-20', ''),
(240, 82, 930, 0, 930, 0, '', '', '2021-10-20', ''),
(241, 69, 975, 0, 1000, -25, '', '', '2021-10-20', ''),
(242, 99, 2775, 0, 2800, -25, '', '', '2021-10-20', ''),
(243, 101, 2286, 0, 2250, 36, '', '', '2021-10-20', ''),
(244, 90, 2585, 0, 2500, 85, '', '', '2021-10-20', ''),
(245, 102, 19000, 0, 17000, 2000, '', '', '2021-10-20', ''),
(249, 100, 2996, 0, 0, 2996, '', '', '2021-10-20', ''),
(251, 63, 1440, 0, 1440, 0, '', '', '2021-10-20', ''),
(253, 103, 1445, 0, 1445, 0, '', '', '2021-10-21', ''),
(254, 63, 11500, 500, 11000, 0, '', '', '2021-10-21', ''),
(255, 63, 2870, 0, 2870, 0, '', '', '2021-10-21', '2021-10-21'),
(256, 63, 900, 0, 900, 0, '', '', '2021-10-21', ''),
(257, 12, 28595, 0, 15000, 13595, '', '', '2021-10-21', ''),
(258, 12, 872, 0, 0, 872, '', '', '2021-10-21', ''),
(259, 10, 2220, 0, 1000, 1220, '', '', '2021-10-21', ''),
(260, 17, 2199, 0, 2199, 0, '', '', '2021-10-21', ''),
(261, 16, 8516, 0, 6195, 2321, '', '', '2021-10-21', '2021-11-18'),
(262, 41, 2220, 0, 60, 2160, '', '', '2021-10-21', '2021-11-14'),
(263, 20, 3750, 0, 750, 3000, '', '', '2021-10-21', ''),
(264, 21, 1216, 0, 1216, 0, '', '', '2021-10-21', ''),
(265, 63, 250, 0, 250, 0, '', '', '2021-10-21', '2021-10-27'),
(266, 26, 11196, 0, 11196, 0, '', '', '2021-10-21', '2021-11-14'),
(267, 63, 200, 0, 200, 0, '', '', '2021-10-21', ''),
(268, 104, 22000, 0, 10000, 12000, '', '', '2021-10-23', ''),
(269, 63, 5020, 0, 5020, 0, '', '', '2021-10-23', ''),
(270, 63, 23500, 0, 0, 0, '', '', '2021-10-23', ''),
(271, 63, 600, 0, 600, 0, '', '', '2021-10-23', ''),
(272, 106, 4800, 0, 4800, 0, '', '', '2021-10-24', ''),
(273, 63, 1200, 0, 1200, 0, '', '', '2021-10-24', ''),
(274, 63, 200, 0, 200, 0, '', '', '2021-10-23', ''),
(275, 63, 600, 0, 600, 0, '', '', '2021-10-24', ''),
(277, 63, 3760, 0, 3760, 0, '', '', '2021-10-25', ''),
(278, 107, 12000, 0, 1200, 0, '', '', '2021-10-26', ''),
(279, 108, 24000, 0, 24000, 0, '', '', '2021-10-26', ''),
(280, 109, 21000, 0, 21000, 0, '', '', '2021-10-26', ''),
(281, 46, 11000, 0, 11000, 0, '', '', '2021-10-26', ''),
(282, 46, 1410, 0, 1410, 0, '', '', '2021-10-26', ''),
(283, 46, 910, 0, 910, 0, '', '', '2021-10-26', ''),
(284, 110, 12000, 0, 12000, 0, '', '', '2021-10-27', ''),
(285, 111, 27000, 0, 27000, 0, '', '', '2021-10-27', ''),
(287, 63, 250, 0, 350, 0, '', '', '2021-10-27', ''),
(288, 112, 12000, 0, 7500, 4500, '', '', '2021-10-27', ''),
(289, 63, 1000, 0, 1000, 0, '', '', '2021-10-27', ''),
(290, 63, 1200, 0, 1200, 0, '', '', '2021-10-27', ''),
(291, 12, 7194, 0, 7194, 0, '', '', '2021-10-28', ''),
(292, 17, 1310, 0, 1310, 0, '', '', '2021-10-28', ''),
(293, 21, 5278, 0, 5278, 0, '', '', '2021-10-28', '2021-11-11'),
(294, 33, 7260, 0, 3640, 3620, '', '', '2021-10-28', ''),
(295, 14, 1086, 0, 1086, 0, '', '', '2021-10-28', ''),
(296, 63, 2280, 0, 2280, 0, '', '', '2021-10-28', ''),
(297, 113, 13000, 0, 6500, 6500, '', '', '2021-10-30', ''),
(298, 114, 11000, 0, 11000, 0, '', '', '2021-10-30', ''),
(299, 115, 20000, 0, 20000, 0, '', '', '2021-10-30', ''),
(300, 115, 18700, 0, 18700, 0, '', '', '2021-10-30', ''),
(301, 116, 31080, 0, 31080, 0, '', '', '2021-10-30', ''),
(302, 46, 2140, 0, 2140, 0, '', '', '2021-10-30', ''),
(303, 117, 10000, 0, 10000, 0, '', '', '2021-10-30', ''),
(304, 93, 11800, 0, 1800, 10000, '', '', '2021-10-25', ''),
(305, 118, 34000, 0, 34000, 0, '', '', '2021-10-30', ''),
(306, 118, 23600, 0, 23600, 0, '', '', '2021-10-30', ''),
(307, 115, 11800, 0, 11800, 0, '', '', '2021-10-30', ''),
(308, 119, 39000, 0, 10000, 29000, '', '', '2021-10-30', ''),
(310, 46, 1200, 0, 1200, 0, '', '', '2021-10-30', '2021-11-09'),
(311, 46, 1800, 0, 1800, 0, '', '', '2021-10-30', ''),
(312, 120, 12000, 0, 12000, 0, '', '', '2021-10-31', ''),
(313, 121, 12000, 0, 12000, 0, '', '', '2021-10-31', ''),
(314, 46, 41350, 0, 0, 0, '', '', '2021-10-31', ''),
(315, 46, 980, 0, 980, 0, '', '', '2021-10-31', ''),
(316, 63, 400, 0, 400, 0, '', '', '2021-10-31', ''),
(317, 123, 35000, 0, 35000, 0, '', '', '2021-11-01', ''),
(318, 63, 550, 0, 550, 0, '', '', '2021-11-01', ''),
(319, 63, 1100, 0, 1100, 0, '', '', '2021-11-01', ''),
(320, 63, 200, 0, 200, 0, '', '', '2021-11-01', ''),
(321, 122, 36000, 0, 36000, 0, '', '', '2021-11-01', '2021-11-15'),
(322, 115, 12000, 0, 12000, 0, '', '', '2021-11-01', ''),
(323, 124, 1336, 0, 1336, 0, '', '', '2021-11-03', ''),
(324, 69, 840, 0, 1000, 0, '', '', '2021-11-03', ''),
(325, 70, 561, 0, 2000, 0, '', '', '2021-11-03', ''),
(326, 125, 54000, 4000, 0, 50000, '', '', '2021-11-03', ''),
(327, 63, 22800, 0, 22800, 0, '', '', '2021-11-03', ''),
(328, 63, 4230, 0, 4230, 0, '', '', '2021-11-02', ''),
(329, 63, 1300, 0, 1300, 0, '', '', '2021-11-03', ''),
(330, 46, 40, 0, 40, 0, '', '', '2021-11-03', ''),
(331, 63, 630, 0, 630, 0, '', '', '2021-11-04', ''),
(332, 9, 426, 0, 426, 0, '', '', '2021-11-04', ''),
(333, 10, 1740, 0, 1500, 240, '', '', '2021-11-04', ''),
(334, 80, 600, 0, 600, 0, '', '', '2021-11-04', ''),
(335, 12, 15541, 0, 10000, 5541, '', '', '2021-11-04', ''),
(336, 26, 4374, 0, 4374, 0, '', '', '2021-11-04', ''),
(337, 40, 12560, 0, 4890, 7670, '', '', '2021-11-04', '2021-11-11'),
(338, 17, 2076, 0, 2076, 0, '', '', '2021-11-04', ''),
(339, 32, 1222, 0, 1000, 222, '', '', '2021-11-04', ''),
(340, 21, 412, 0, 412, 0, '', '', '2021-11-04', ''),
(341, 39, 870, 0, 870, 0, '', '', '2021-11-04', ''),
(342, 25, 2500, 0, 2500, 0, '', '', '2021-11-04', ''),
(343, 14, 544, 0, 544, 0, '', '', '2021-11-04', ''),
(344, 63, 300, 0, 300, 0, '', '', '2021-11-04', ''),
(345, 126, 13000, 0, 0, 13000, '', '', '2021-11-04', ''),
(346, 127, 14000, 0, 0, 14000, '', '', '2021-11-04', ''),
(347, 115, 2400, 0, 2400, 0, '', '', '2021-11-04', ''),
(348, 9, 4440, 0, 0, 4440, '', '', '2021-10-30', ''),
(349, 9, 8442, 0, 7574, 868, '', '', '2021-10-04', ''),
(350, 115, 26290, 0, 26290, 0, '', '', '2021-11-06', ''),
(351, 63, 1050, 0, 1050, 0, '', '', '2021-11-06', ''),
(352, 46, 800, 0, 800, 0, '', '', '2021-11-07', ''),
(353, 63, 350, 0, 350, 0, '', '', '2021-11-07', ''),
(355, 63, 38000, 0, 38000, 0, '', '', '2021-11-07', ''),
(356, 115, 8082, 0, 8082, 0, '', '', '2021-11-07', ''),
(357, 115, 1050, 0, 1050, 0, '', '', '2021-11-07', ''),
(358, 115, 13000, 0, 13000, 0, '', '', '2021-11-08', ''),
(359, 115, 1250, 0, 1250, 0, '', '', '2021-11-08', ''),
(360, 46, 400, 0, 400, 0, '', '', '2021-11-08', ''),
(361, 115, 6350, 0, 6350, 0, '', '', '2021-11-08', ''),
(362, 115, 2000, 0, 2000, 0, '', '', '2021-11-08', ''),
(363, 84, 38000, 0, 12500, 25500, '', '', '2021-11-09', ''),
(364, 63, 200, 0, 200, 0, '', '', '2021-11-09', ''),
(365, 63, 4175, 0, 4175, 0, '', '', '2021-11-09', ''),
(366, 27, 2100, 0, 2000, 100, '', '', '2021-11-10', ''),
(367, 46, 6070, 0, 6070, 0, '', '', '2021-11-10', ''),
(368, 63, 350, 0, 350, 0, '', '', '2021-11-10', ''),
(369, 11, 4032, 0, 3000, 1032, '', '', '2021-11-11', ''),
(370, 12, 8628, 0, 8628, 0, '', '', '2021-11-11', ''),
(371, 40, 1110, 0, 1110, 0, '', '', '2021-11-11', ''),
(372, 16, 805, 0, 805, 0, '', '', '2021-11-11', ''),
(373, 17, 1220, 0, 1220, 0, '', '', '2021-11-11', ''),
(374, 31, 896, 0, 896, 0, '', '', '2021-11-11', ''),
(375, 21, 1452, 0, 1452, 0, '', '', '2021-11-11', ''),
(376, 21, 876, 0, 0, 876, '', '', '2021-11-11', ''),
(377, 14, 750, 0, 750, 0, '', '', '2021-11-11', ''),
(378, 24, 3192, 22, 3170, 0, '', '', '2021-11-11', ''),
(379, 63, 2090, 0, 2090, 0, '', '', '2021-11-11', ''),
(380, 63, 13800, 0, 13800, 0, '', '', '2021-11-11', ''),
(381, 115, 40000, 0, 40000, 0, '', '', '2021-11-11', ''),
(382, 115, 25925, 0, 25925, 0, '', '', '2021-11-14', ''),
(383, 28, 3070, 0, 1500, 1570, '', '', '2021-11-14', ''),
(384, 41, 1650, 0, 0, 1650, '', '', '2021-11-14', ''),
(385, 41, 2220, 0, 2220, 0, '', '', '2021-09-25', '2021-11-14'),
(386, 46, 740, 0, 740, 0, '', '', '2021-11-14', ''),
(387, 46, 1550, 0, 1550, 0, '', '', '2021-11-15', ''),
(388, 63, 2400, 0, 2400, 0, '', '', '2021-11-15', ''),
(389, 46, 980, 0, 980, 0, '', '', '2021-11-16', ''),
(390, 14, 1752, 0, 673, 1079, '', '', '2021-11-16', '2021-11-18'),
(391, 27, 810, 0, 0, 810, '', '', '2021-11-16', ''),
(393, 63, 200, 0, 200, 0, '', '', '2021-11-16', ''),
(394, 115, 15750, 0, 15750, 0, '', '', '2021-11-16', '2021-11-16'),
(395, 128, 25000, 0, 20000, 5000, '', '', '2021-11-16', ''),
(396, 12, 19135, 0, 19135, 0, '', '', '2021-11-17', ''),
(397, 46, 800, 0, 800, 0, '', '', '2021-11-17', ''),
(398, 115, 4700, 0, 4700, 0, '', '', '2021-11-17', ''),
(399, 115, 29000, 0, 29000, 0, '', '', '2021-11-17', ''),
(400, 129, 32000, 0, 32000, 0, '', '', '2021-11-17', ''),
(401, 9, 2100, 0, 2100, 0, '', '', '2021-11-18', ''),
(402, 26, 4477, 0, 0, 4477, '', '', '2021-11-18', ''),
(403, 40, 9700, 0, 7000, 2700, '', '', '2021-11-18', '2021-11-18'),
(404, 27, 1632, 0, 1632, 0, '', '', '2021-11-18', ''),
(405, 21, 2094, 0, 0, 2094, '', '', '2021-11-18', ''),
(406, 24, 3153, 0, 3150, 3, '', '', '2021-11-18', '2021-11-18'),
(407, 14, 827, 0, 827, 0, '', '', '2021-11-18', ''),
(408, 46, 1820, 0, 1820, 0, '', '', '2021-11-18', ''),
(409, 63, 200, 0, 200, 0, '', '', '2021-11-18', ''),
(410, 130, 6000, 0, 4500, 1500, '', '', '2021-11-18', ''),
(411, 131, 29000, 0, 15000, 14000, '', '', '2021-11-18', '2021-11-20'),
(412, 46, 200, 0, 200, 0, '', '', '2021-11-18', ''),
(413, 46, 750, 50, 700, 0, '', '', '2021-11-18', ''),
(414, 115, 32150, 0, 0, 0, '', '', '2021-11-20', ''),
(415, 46, 6750, 0, 6750, 0, '', '', '2021-11-20', ''),
(416, 46, 2600, 0, 0, 0, '', '', '2021-11-21', ''),
(417, 115, 30000, 0, 0, 0, '', '', '2021-11-21', ''),
(418, 115, 15850, 0, 0, 0, '', '', '2021-11-22', ''),
(419, 103, 4700, 0, 0, 0, '', '', '2021-11-23', ''),
(420, 115, 3250, 0, 0, 0, '', '', '2021-11-23', ''),
(421, 10, 2100, 0, 0, 0, '', '', '2021-11-25', ''),
(422, 35, 2040, 0, 2000, 40, '', '', '2021-11-25', '2021-11-25'),
(423, 10, 1140, 0, 0, 1140, '', '', '2021-11-25', ''),
(424, 11, 4070, 0, 3000, 1070, '', '', '2021-11-25', ''),
(425, 12, 26178, 519, 12500, 13159, '', '', '2021-11-25', ''),
(426, 14, 1310, 0, 1500, 0, '', '', '2021-11-25', ''),
(427, 27, 2262, 0, 2000, 0, '', '', '2021-11-25', ''),
(428, 115, 74650, 0, 0, 0, '', '', '2021-11-25', ''),
(429, 115, 59620, 0, 59620, 0, '', '', '2021-11-27', ''),
(430, 115, 27000, 0, 27000, 0, '', '', '2021-11-29', ''),
(431, 115, 760, 0, 760, 0, '', '', '2021-11-29', ''),
(432, 12, 8880, 0, 10000, -1120, '', '', '2021-12-01', ''),
(433, 115, 2860, 0, 2860, 0, '', '', '2021-12-02', ''),
(435, 17, 420, 0, 1000, -580, '', '', '2021-12-02', ''),
(436, 32, 1944, 0, 2000, -56, '', '', '2021-12-02', ''),
(437, 21, 4296, 0, 4000, 296, '', '', '2021-12-02', ''),
(438, 16, 5946, 0, 2000, 0, '', '', '2021-12-02', ''),
(439, 24, 2886, 0, 2650, 236, '', '', '2021-12-02', ''),
(440, 39, 2340, 0, 1000, 1340, '', '', '2021-12-02', ''),
(442, 27, 1710, 0, 2500, 0, '', '', '2021-12-02', ''),
(443, 14, 370, 0, 1000, -630, '', '', '2021-12-02', ''),
(444, 115, 70130, 0, 70130, 0, '', '', '2021-12-04', ''),
(445, 46, 3410, 0, 0, 0, '', '', '2021-12-04', ''),
(446, 115, 21100, 0, 21100, 0, '', '', '2021-12-05', ''),
(447, 115, 7821, 0, 7821, 0, '', '', '2021-12-06', ''),
(448, 69, 2932, 0, 2500, 432, '', '', '2021-12-07', ''),
(449, 124, 2500, 0, 2500, 0, '', '', '2021-12-07', ''),
(450, 115, 8060, 0, 8060, 0, '', '', '2021-12-07', ''),
(451, 115, 20200, 0, 20200, 0, '', '', '2021-12-08', ''),
(452, 115, 550, 0, 550, 0, '', '', '2021-12-08', ''),
(453, 13, 5820, 250, 3000, 2570, '', '', '2021-12-09', ''),
(454, 40, 6684, 0, 6550, 0, '', '', '2021-12-09', ''),
(455, 40, 2520, 0, 0, 0, '', '', '2021-12-09', ''),
(456, 16, 1764, 0, 1500, 264, '', '', '2021-12-09', ''),
(457, 17, 344, 0, 1000, 0, '', '', '2021-12-09', ''),
(458, 21, 2935, 0, 2000, 935, '', '', '2021-12-09', ''),
(459, 23, 1237, 0, 1000, 237, '', '', '2021-12-09', ''),
(460, 132, 12730, 0, 5000, 7730, '', '', '2021-12-09', ''),
(461, 115, 4000, 0, 4000, 0, '', '', '2021-12-09', ''),
(462, 115, 93500, 0, 93500, 0, '', '', '2021-12-09', ''),
(463, 115, 23200, 0, 23600, 400, '', '', '2021-12-11', ''),
(464, 115, 400, 0, 0, 400, '', '', '2021-12-11', ''),
(465, 10, 468, 0, 0, 468, '', '', '2021-12-13', ''),
(466, 26, 3120, 0, 3120, 0, '', '', '2021-12-13', ''),
(467, 115, 72050, 0, 72050, 0, '', '', '2021-12-13', ''),
(468, 15, 2985, 74, 0, 2911, '', '', '2021-12-02', ''),
(469, 25, 616, 0, 600, 16, '', '', '2021-09-13', ''),
(470, 25, 1632, 0, 0, 1632, '', '', '2021-10-14', ''),
(471, 17, 1400, 0, 0, 1400, '', '', '2021-12-14', ''),
(472, 30, 4680, 0, 2000, 2680, '', '', '2021-12-05', ''),
(473, 33, 7008, 0, 7005, 3, '', '', '2021-12-14', ''),
(474, 35, 14007, 286, 0, 13721, '', '', '2021-09-13', ''),
(475, 39, 1740, 0, 0, 1740, '', '', '2021-12-14', ''),
(476, 41, 1650, 0, 0, 1650, '', '', '2021-12-14', ''),
(477, 83, 83500, 0, 0, 0, '', '', '2021-12-14', ''),
(478, 83, 83500, 0, 0, 83500, '', '', '2021-12-14', ''),
(479, 46, 1730, 0, 1730, 0, '', '', '2021-12-14', ''),
(480, 35, 1050, 0, 2000, -950, '', '', '2021-12-15', ''),
(481, 12, 8040, 0, 18000, -9960, '', '', '2021-12-15', ''),
(482, 133, 9828, 0, 9900, -72, '', '', '2021-12-15', ''),
(483, 9, 11316, 0, 1300, 10016, '', '', '2021-12-16', ''),
(484, 40, 1848, 0, 6000, -4152, '', '', '2021-12-16', ''),
(485, 16, 6062, 0, 5000, 1062, '', '', '2021-12-16', ''),
(486, 17, 1535, 0, 2500, -965, '', '', '2021-12-16', ''),
(487, 33, 3122, 0, 5000, -1878, '', '', '2021-12-16', ''),
(488, 21, 2044, 0, 1000, 1044, '', '', '2021-12-16', ''),
(489, 23, 924, 0, 1000, -76, '', '', '2021-12-16', ''),
(490, 14, 3060, 0, 1500, 1560, '', '', '2021-12-16', ''),
(491, 115, 21340, 0, 21340, 0, '', '', '2021-12-16', ''),
(492, 115, 5980, 0, 5980, 0, '', '', '2021-12-19', ''),
(493, 26, 2016, 0, 0, 2016, '', '', '2021-12-20', ''),
(494, 115, 10750, 0, 10750, 0, '', '', '2021-12-20', ''),
(495, 115, 24000, 0, 24000, 0, '', '', '2021-12-21', ''),
(497, 35, 852, 0, 1000, -148, '', '', '2021-12-22', ''),
(498, 10, 1708, 0, 3000, -1292, '', '', '2021-12-22', ''),
(499, 11, 2935, 0, 0, 2935, '', '', '2021-12-22', ''),
(500, 133, 8821, 0, 8350, 471, '', '', '2021-12-22', ''),
(501, 12, 19230, 0, 14000, 5230, '', '', '2021-12-22', ''),
(502, 134, 12530, 0, 3000, 8744, '', '', '2021-12-22', ''),
(503, 115, 126000, 0, 126000, 0, '', '', '2021-12-22', ''),
(504, 31, 630, 0, 1000, -370, '', '', '2021-12-23', ''),
(505, 135, 21562, 0, 5000, 16614, '', '', '2021-12-23', ''),
(506, 21, 630, 0, 0, 630, '', '', '2021-12-23', ''),
(507, 24, 3558, 0, 3550, 8, '', '', '2021-12-23', ''),
(508, 39, 3292, 0, 1000, 2292, '', '', '2021-12-23', ''),
(509, 25, 2100, 0, 600, 1500, '', '', '2021-12-23', ''),
(510, 115, 55000, 0, 55000, 0, '', '', '2021-12-26', ''),
(511, 115, 57500, 0, 57500, 0, '', '', '2021-12-27', ''),
(512, 115, 6500, 0, 6500, 0, '', '', '2021-12-28', ''),
(513, 115, 22000, 0, 22000, 0, '', '', '2021-12-28', ''),
(514, 13, 1255, 0, 1000, 255, '', '', '2021-12-29', ''),
(515, 10, 1050, 0, 800, 250, '', '', '2021-12-29', ''),
(516, 136, 1932, 0, 1930, 2, '', '', '2021-12-29', ''),
(517, 137, 4982, 0, 0, 4982, '', '', '2021-12-30', ''),
(518, 9, 9828, 0, 10000, -172, '', '', '2021-12-30', ''),
(519, 26, 11974, 0, 0, 11974, '', '', '2021-12-30', ''),
(520, 40, 1078, 0, 1720, -642, '', '', '2021-12-30', ''),
(521, 17, 3251, 0, 3000, -2076, '', '', '2021-12-30', ''),
(522, 16, 2880, 0, 5000, -2120, '', '', '2021-12-30', ''),
(523, 20, 2100, 0, 2000, 100, '', '', '2021-12-30', ''),
(524, 21, 3228, 0, 2000, 1228, '', '', '2021-12-30', ''),
(525, 33, 2004, 0, 1340, 664, '', '', '2021-12-30', ''),
(526, 25, 5500, 0, 500, 5000, '', '', '2021-12-30', ''),
(527, 32, 2334, 0, 2334, 0, '', '', '2022-01-02', ''),
(528, 115, 135130, 0, 135130, 0, '', '', '2022-01-04', ''),
(529, 46, 1400, 0, 1400, 0, '', '', '2022-01-04', ''),
(530, 135, 3854, 0, 0, 3854, '', '', '2022-01-05', ''),
(531, 12, 374, 0, 600, -226, '', '', '2022-01-06', ''),
(532, 138, 6022, 0, 5000, 1022, '', '', '2022-01-06', ''),
(533, 21, 350, 0, 500, -150, '', '', '2022-01-06', ''),
(534, 115, 41800, 0, 41800, 11800, '', '', '2022-01-06', ''),
(535, 115, 4200, 0, 4200, 0, '', '', '2022-01-09', ''),
(536, 115, 51750, 0, 0, 0, '', '', '2022-01-09', ''),
(537, 115, 792201, 0, 792201, 0, '', '', '2022-01-09', ''),
(538, 115, 23600, 0, 0, 23600, '', '', '2022-01-09', ''),
(539, 115, 3000, 0, 3000, 0, '', '', '2022-01-10', ''),
(540, 115, 1730, 0, 1730, 0, '', '', '2022-01-10', ''),
(541, 115, 6140, 0, 6140, 0, '', '', '2022-01-11', ''),
(542, 134, 3099, 0, 5000, -1901, '', '', '2022-01-12', ''),
(543, 133, 11994, 0, 12000, -6, '', '', '2022-01-12', ''),
(544, 136, 1932, 0, 1930, 2, '', '', '2022-01-12', ''),
(545, 12, 11904, 0, 31500, -19596, '', '', '2022-01-12', ''),
(546, 11, 915, 0, 2000, -1085, '', '', '2022-01-12', ''),
(547, 115, 20800, 0, 20800, 0, '', '', '2022-01-12', ''),
(548, 26, 5870, 0, 5000, 870, '', '', '2022-01-13', ''),
(549, 40, 8599, 0, 5000, 3599, '', '', '2022-01-13', ''),
(550, 17, 400, 0, 1000, -600, '', '', '2022-01-13', ''),
(551, 16, 1032, 0, 1000, 32, '', '', '2022-01-13', ''),
(552, 21, 1848, 0, 0, 0, '', '', '2022-01-13', ''),
(553, 21, 2472, 0, 4000, -1528, '', '', '2022-01-13', ''),
(554, 135, 2812, 0, 5000, -2188, '', '', '2022-01-13', ''),
(555, 138, 1848, 0, 1000, 848, '', '', '2022-01-13', ''),
(556, 132, 2520, 0, 0, 2520, '', '', '2022-01-13', ''),
(557, 27, 3648, 0, 2000, 1648, '', '', '2022-01-13', ''),
(558, 115, 25945, 0, 25945, 0, '', '', '2022-01-16', ''),
(559, 115, 700, 0, 700, 0, '', '', '2022-01-16', ''),
(560, 115, 119150, 0, 119150, 0, '', '', '2022-01-17', ''),
(561, 9, 1848, 0, 0, 1848, '', '', '2022-01-18', ''),
(562, 115, 2050, 0, 2050, 0, '', '', '2022-01-18', ''),
(563, 115, 2500, 0, 2500, 0, '', '', '2022-01-18', ''),
(564, 134, 1428, 0, 2360, -932, '', '', '2022-01-19', ''),
(565, 133, 3696, 0, 3700, -4, '', '', '2022-01-19', ''),
(566, 115, 69050, 0, 69050, 0, '', '', '2022-01-19', ''),
(567, 40, 3864, 0, 5000, -1136, '', '', '2022-01-20', ''),
(568, 17, 2548, 0, 1500, 1048, '', '', '2022-01-20', ''),
(569, 32, 1050, 0, 1050, 0, '', '', '2022-01-20', ''),
(570, 21, 2409, 0, 3000, -591, '', '', '2022-01-20', ''),
(571, 33, 1008, 0, 2000, 0, '', '', '2022-01-20', ''),
(572, 39, 2006, 0, 1000, 1006, '', '', '2022-01-20', ''),
(573, 139, 3009, 0, 2000, 1009, '', '', '2022-01-20', ''),
(574, 140, 2985, 0, 0, 2985, '', '', '2022-01-20', ''),
(575, 137, 2600, 0, 0, 0, '', '', '2022-01-20', ''),
(576, 83, 1450, 0, 84950, 0, '', '', '2022-01-22', ''),
(577, 46, 200, 0, 200, 0, '', '', '2022-01-22', ''),
(578, 115, 12000, 0, 11000, 1000, '', '', '2022-01-23', ''),
(579, 115, 2100, 0, 2100, 600, '', '', '2022-01-23', ''),
(580, 115, 17870, 0, 17870, 0, '', '', '2022-01-24', ''),
(581, 115, 1630, 0, 1630, 0, '', '', '2022-01-25', ''),
(582, 115, 53220, 0, 53220, 0, '', '', '2022-01-25', ''),
(583, 115, 300, 0, 300, 0, '', '', '2022-01-25', ''),
(584, 115, 960, 0, 960, 0, '', '', '2022-01-25', ''),
(585, 10, 1050, 0, 2000, -950, '', '', '2022-01-26', ''),
(586, 11, 14964, 0, 10000, 2177, '', '', '2022-01-26', ''),
(587, 133, 7012, 0, 6640, 372, '', '', '2022-01-26', ''),
(588, 136, 1974, 4, 1970, 0, '', '', '2022-01-26', ''),
(589, 40, 8028, 0, 5000, 3028, '', '', '2022-01-27', ''),
(590, 17, 924, 0, 1500, -576, '', '', '2022-01-27', ''),
(591, 33, 5264, 0, 5000, 264, '', '', '2022-01-27', ''),
(592, 24, 1848, 0, 2000, -152, '', '', '2022-01-27', ''),
(593, 18, 1274, 0, 0, 1274, '', '', '2022-01-27', ''),
(594, 14, 924, 0, 2000, -1076, '', '', '2022-01-27', ''),
(595, 115, 63690, 0, 75890, 0, '', '', '2022-01-27', ''),
(596, 115, 5800, 0, 5800, 0, '', '', '2022-01-27', ''),
(597, 115, 53770, 0, 53770, 0, '', '', '2022-01-29', ''),
(598, 115, 24000, 0, 24000, 0, '', '', '2022-01-30', ''),
(599, 115, 10550, 0, 22750, 12200, '', '', '2022-01-30', ''),
(600, 134, 1350, 0, 1250, 100, '', '', '2022-01-26', ''),
(601, 21, 9390, 0, 0, 9390, '', '', '2022-02-01', ''),
(602, 115, 1050, 0, 1050, 0, '', '', '2022-02-01', ''),
(603, 115, 1310, 0, 1310, 0, '', '', '2022-02-01', ''),
(604, 133, 3164, 0, 3200, -36, '', '', '2022-02-02', ''),
(605, 11, 1471, 0, 3000, -1529, '', '', '2022-02-02', ''),
(606, 10, 1018, 0, 1500, -482, '', '', '2022-02-02', ''),
(607, 35, 1848, 0, 2000, -152, '', '', '2022-02-02', ''),
(608, 115, 28700, 0, 28700, 200, '', '', '2022-02-02', ''),
(609, 40, 2400, 0, 3000, -600, '', '', '2022-02-03', ''),
(610, 26, 921, 0, 0, 861, '', '', '2022-02-03', ''),
(611, 17, 442, 0, 700, -258, '', '', '2022-02-03', ''),
(612, 16, 1848, 0, 1000, 848, '', '', '2022-02-03', ''),
(613, 18, 830, 0, 1000, -170, '', '', '2022-02-03', ''),
(614, 31, 370, 0, 1000, -630, '', '', '2022-02-03', ''),
(615, 132, 2340, 0, 0, 2340, '', '', '2022-02-03', ''),
(616, 14, 2616, 0, 2500, 116, '', '', '2022-02-03', ''),
(617, 115, 37000, 0, 37000, 0, '', '', '2022-02-06', ''),
(618, 115, 18500, 0, 18500, 0, '', '', '2022-02-06', ''),
(619, 115, 70700, 0, 70700, 0, '', '', '2022-02-06', ''),
(620, 115, 30000, 0, 30000, 0, '', '', '2022-02-06', ''),
(621, 17, 1450, 0, 0, 1450, '', '', '2022-02-06', ''),
(622, 115, 39813, 0, 39813, 0, '', '', '2022-02-06', ''),
(623, 115, 588, 0, 588, 0, '', '', '2022-02-07', ''),
(624, 64, 19365, 0, 0, 19365, '', '', '2022-02-07', ''),
(625, 115, 580, 0, 580, 0, '', '', '2022-02-07', ''),
(626, 115, 2200, 0, 2200, 0, '', '', '2022-02-07', ''),
(627, 115, 23500, 0, 23500, 0, '', '', '2022-02-08', ''),
(628, 115, 1510, 0, 1510, 0, '', '', '2022-02-08', ''),
(629, 133, 2100, 0, 2100, 0, '', '', '2022-02-09', ''),
(630, 136, 1974, 0, 1970, 4, '', '', '2022-02-09', ''),
(631, 10, 686, 0, 0, 686, '', '', '2022-02-09', ''),
(632, 40, 4032, 0, 5000, -968, '', '', '2022-02-10', ''),
(633, 17, 1356, 0, 2400, -1044, '', '', '2022-02-10', ''),
(634, 16, 8476, 0, 2000, 6476, '', '', '2022-02-10', ''),
(635, 32, 1050, 0, 1050, 0, '', '', '2022-02-10', ''),
(636, 14, 616, 0, 1000, -384, '', '', '2022-02-10', ''),
(637, 115, 53500, 0, 53500, 0, '', '', '2022-02-10', ''),
(638, 116, 296112, 0, 0, 296112, '', '', '2022-02-10', ''),
(639, 115, 11630, 0, 11630, 0, '', '', '2022-02-12', ''),
(640, 22, 7020, 0, 4500, 2520, '', '', '2022-02-13', ''),
(641, 115, 24500, 0, 24500, 0, '', '', '2022-02-13', ''),
(642, 115, 51150, 0, 51150, 0, '', '', '2022-02-14', ''),
(643, 115, 19200, 0, 19200, 0, '', '', '2022-02-15', ''),
(644, 115, 23100, 0, 23100, 0, '', '', '2022-02-15', ''),
(645, 115, 32500, 0, 32500, 3800, '', '', '2022-02-15', ''),
(646, 115, 30000, 0, 30000, 17100, '', '', '2022-02-15', ''),
(647, 115, 1100, 0, 1100, 0, '', '', '2022-02-15', ''),
(648, 134, 952, 0, 0, 952, '', '', '2022-02-16', ''),
(649, 133, 7728, 0, 7700, 28, '', '', '2022-02-16', ''),
(650, 11, 3789, 0, 4000, -211, '', '', '2022-02-16', ''),
(651, 115, 49050, 0, 49050, 0, '', '', '2022-02-16', ''),
(652, 115, 84180, 0, 84180, 0, '', '', '2022-02-16', ''),
(653, 115, 750, 0, 750, 0, '', '', '2022-02-16', ''),
(654, 40, 1848, 0, 3000, -1152, '', '', '2022-02-17', ''),
(655, 17, 3050, 0, 1500, 1550, '', '', '2022-02-17', ''),
(656, 21, 4188, 0, 5000, -812, '', '', '2022-02-17', ''),
(657, 22, 2340, 0, 4000, -1660, '', '', '2022-02-17', ''),
(658, 39, 1200, 0, 1050, 150, '', '', '2022-02-17', ''),
(659, 14, 1274, 0, 1000, 274, '', '', '2022-02-17', ''),
(660, 115, 3200, 0, 3200, 0, '', '', '2022-02-17', ''),
(661, 115, 20800, 0, 20800, 19000, '', '', '2022-02-17', ''),
(662, 115, 2050, 0, 2050, 0, '', '', '2022-02-17', ''),
(663, 115, 1860, 0, 1860, 0, '', '', '2022-02-20', ''),
(664, 115, 20000, 0, 20000, 0, '', '', '2022-02-20', ''),
(665, 115, 90270, 0, 90270, 0, '', '', '2022-02-22', ''),
(666, 115, 200, 0, 200, 0, '', '', '2022-02-22', ''),
(667, 115, 1600, 0, 1600, 0, '', '', '2022-02-22', ''),
(668, 11, 4620, 0, 3280, 1340, '', '', '2022-02-23', ''),
(669, 134, 1624, 0, 2000, -376, '', '', '2022-02-23', ''),
(670, 142, 0, 0, 0, 223, '', '', '2022-02-23', ''),
(671, 143, 3549, 900, 2500, 149, '', '', '2022-02-27', ''),
(672, 143, 183, 0, 180, 3, '', '', '2022-02-27', ''),
(673, 143, 600, 0, 600, 0, '', '', '2022-03-01', ''),
(674, 143, 549, 0, 49, 500, '', '', '2022-03-01', ''),
(675, 143, 557, 100, 57, 400, '', '', '2022-02-12', ''),
(676, 144, 9000, 0, 8000, 1000, '', '', '2022-03-13', ''),
(677, 144, 18000, 0, 10000, 8000, '', 'testing note for customer', '2022-03-13', ''),
(678, 144, 1830, 0, 1000, 830, '2022-03-20', 'testing', '2022-03-13', '');

-- --------------------------------------------------------

--
-- Table structure for table `sale_detail`
--

CREATE TABLE `sale_detail` (
  `sale_id` int(10) NOT NULL,
  `product_id` int(10) NOT NULL,
  `selling_price` float NOT NULL,
  `qty` float NOT NULL,
  `discount` double NOT NULL,
  `total` double NOT NULL
) ENGINE=InnoDB DEFAULT CHARSET=utf8mb4;

--
-- Dumping data for table `sale_detail`
--

INSERT INTO `sale_detail` (`sale_id`, `product_id`, `selling_price`, `qty`, `discount`, `total`) VALUES
(5, 5, 270, 1, 0, 270),
(5, 129, 200, 1, 0, 350),
(6, 59, 150, 1, 0, 200),
(7, 24, 220, 1, 0, 450),
(10, 63, 500, 1, 0, 700),
(10, 42, 192, 1, 0, 250),
(10, 28, 146, 1, 0, 200),
(11, 59, 150, 2, 0, 400),
(11, 33, 215, 2, 0, 400),
(11, 20, 295, 1, 0, 350),
(12, 33, 215, 1, 0, 200),
(12, 25, 230, 1, 0, 450),
(13, 28, 146, 2, 0, 400),
(13, 2, 250, 1, 0, 200),
(13, 3, 285, 1, 0, 300),
(13, 59, 150, 2, 0, 400),
(13, 58, 250, 1, 0, 350),
(14, 28, 146, 1, 0, 200),
(15, 28, 146, 1, 0, 200),
(15, 69, 200, 1, 0, 300),
(15, 24, 220, 1, 0, 450),
(16, 28, 146, 1, 0, 200),
(16, 4, 295, 1, 0, 300),
(17, 33, 215, 1, 0, 200),
(17, 20, 295, 1, 0, 350),
(17, 25, 230, 1, 0, 450),
(18, 28, 146, 1, 0, 200),
(18, 6, 280, 1, 0, 300),
(18, 69, 200, 1, 0, 350),
(18, 3, 285, 1, 0, 300),
(18, 60, 1400, 1, 0, 1400),
(18, 56, 1445, 2, 0, 2890),
(18, 24, 220, 1, 0, 400),
(19, 20, 295, 1, 0, 350),
(19, 33, 215, 1, 0, 200),
(20, 20, 295, 1, 0, 350),
(20, 33, 215, 1, 0, 200),
(21, 20, 295, 1, 0, 350),
(21, 33, 215, 1, 0, 200),
(22, 25, 230, 1, 0, 450),
(22, 10, 410, 1, 0, 350),
(22, 6, 280, 1, 0, 300),
(22, 28, 146, 4, 0, 800),
(22, 2, 250, 2, 0, 500),
(22, 1, 245, 1, 0, 350),
(23, 56, 1445, 1, 0, 2500),
(23, 33, 215, 1, 0, 200),
(24, 84, 4750, 2, 0, 10500),
(25, 33, 215, 12, 0, 1932),
(25, 28, 146, 12, 0, 1752),
(25, 59, 150, 12, 0, 1740),
(27, 33, 215, 1, 0, 200),
(27, 28, 146, 1, 0, 200),
(27, 6, 280, 1, 0, 300),
(27, 84, 5500, 2, 0, 11000),
(29, 143, 220, 1, 0, 220),
(29, 144, 250, 1, 0, 250),
(29, 161, 3000, 2, 0, 6000),
(30, 28, 146, 24, 0, 3504),
(30, 59, 150, 6, 0, 870),
(31, 59, 150, 12, 0, 1740),
(32, 25, 230, 5, 0, 860),
(32, 68, 250, 5, 0, 860),
(34, 3, 285, 3, 0, 480),
(34, 43, 160, 2, 0, 370),
(34, 33, 215, 4, 0, 580),
(34, 45, 98, 4, 0, 420),
(35, 20, 295, 2, 0, 360),
(35, 2, 250, 2, 0, 310),
(35, 1, 245, 2, 0, 320),
(35, 58, 250, 2, 0, 350),
(35, 4, 295, 2, 0, 390),
(37, 25, 230, 1, 0, 160),
(37, 2, 250, 1, 0, 150),
(38, 11, 1260, 1, 0, 1260),
(39, 69, 200, 2, 0, 440),
(40, 48, 1110, 1, 0, 1110),
(40, 56, 1445, 1, 0, 1445),
(41, 48, 1110, 1, 0, 1110),
(44, 28, 146, 12, 0, 1632),
(44, 30, 200, 12, 0, 1800),
(45, 43, 160, 60, 0, 11100),
(45, 44, 160, 60, 0, 11100),
(47, 59, 150, 12, 0, 1740),
(47, 56, 1445, 1, 0, 1445),
(47, 60, 1400, 1, 0, 1400),
(48, 20, 295, 6, 0, 1236),
(48, 69, 220, 3, 0, 660),
(48, 6, 280, 6, 0, 1176),
(48, 22, 370, 2, 0, 504),
(48, 25, 230, 4, 0, 644),
(50, 28, 136, 4, 0, 544),
(50, 2, 196, 1, 0, 196),
(52, 59, 145, 6, 0, 870),
(53, 28, 136, 24, 0, 3264),
(53, 33, 150, 12, 0, 1800),
(53, 6, 196, 6, 0, 1176),
(53, 20, 206, 4, 0, 824),
(53, 32, 240, 4, 0, 672),
(53, 2, 196, 4, 0, 700),
(54, 28, 136, 12, 0, 1632),
(57, 48, 1110, 1, 0, 1110),
(57, 41, 34, 12, 0, 456),
(57, 59, 145, 6, 0, 870),
(57, 39, 1471, 1, 0, 1471),
(58, 28, 136, 6, 0, 816),
(58, 33, 150, 6, 0, 900),
(58, 2, 196, 4, 0, 700),
(58, 6, 196, 4, 0, 784),
(58, 38, 207, 4, 0, 616),
(61, 2, 196, 2, 0, 374),
(61, 3, 285, 1, 0, 213),
(61, 6, 196, 2, 0, 420),
(61, 20, 206, 1, 0, 221),
(61, 21, 280, 1, 0, 206),
(61, 43, 185, 4, 0, 740),
(61, 1, 245, 1, 0, 183),
(62, 57, 1365, 1, 0, 1365),
(62, 56, 1445, 1, 0, 1445),
(62, 60, 1400, 1, 0, 1400),
(62, 48, 1110, 1, 0, 1110),
(62, 11, 1260, 1, 0, 1260),
(63, 43, 185, 2, 0, 370),
(65, 20, 206, 1, 0, 295),
(65, 48, 1110, 1, 0, 1110),
(65, 42, 192, 1, 0, 210),
(65, 56, 1445, 3, 0, 4335),
(66, 43, 185, 12, 0, 2220),
(66, 44, 185, 12, 0, 2220),
(66, 59, 145, 12, 0, 1740),
(66, 25, 230, 10, 0, 1720),
(66, 33, 150, 12, 0, 1932),
(66, 19, 270, 12, 0, 2472),
(67, 43, 185, 12, 0, 2220),
(67, 44, 185, 12, 0, 2220),
(67, 42, 192, 5, 0, 1050),
(67, 41, 34, 12, 0, 456),
(67, 56, 1445, 1, 0, 1445),
(68, 43, 185, 6, 0, 1110),
(68, 56, 1445, 4, 0, 5780),
(68, 60, 1400, 2, 0, 2800),
(68, 39, 1471, 1, 0, 1471),
(69, 43, 185, 12, 0, 2220),
(69, 44, 185, 12, 0, 2220),
(69, 33, 150, 12, 0, 1800),
(69, 28, 136, 12, 0, 1632),
(70, 132, 172, 3, 0, 315),
(71, 25, 230, 2, 0, 344),
(71, 41, 34, 4, 0, 152),
(72, 33, 150, 6, 0, 900),
(74, 56, 1445, 1, 0, 1445),
(74, 60, 1400, 1, 0, 1400),
(76, 20, 206, 4, 0, 824),
(76, 28, 136, 12, 0, 1632),
(76, 23, 280, 2, 0, 462),
(78, 43, 185, 6, 0, 1110),
(79, 57, 1365, 1, 0, 1365),
(79, 54, 1295, 1, 0, 1295),
(82, 34, 150, 2, 0, 300),
(82, 28, 146, 12, 0, 1752),
(82, 19, 206, 6, 0, 1236),
(82, 20, 221, 6, 0, 1326),
(83, 27, 220, 3, 0, 495),
(83, 1, 245, 6, 0, 1098),
(83, 20, 206, 6, 0, 1326),
(83, 69, 220, 1, 0, 236),
(83, 18, 330, 1, 0, 210),
(83, 43, 185, 1, 0, 185),
(83, 44, 185, 1, 0, 185),
(86, 4, 185, 4, 0, 740),
(86, 6, 196, 6, 0, 1176),
(86, 25, 230, 4, 0, 644),
(87, 19, 270, 4, 0, 824),
(87, 20, 206, 6, 0, 1326),
(88, 45, 98, 2, 0, 210),
(89, 36, 330, 3, 0, 765),
(90, 56, 1445, 1, 0, 1445),
(90, 11, 1260, 1, 0, 1260),
(90, 42, 192, 4, 0, 840),
(92, 28, 136, 6, 0, 816),
(92, 3, 285, 2, 0, 398),
(92, 6, 196, 2, 0, 392),
(93, 56, 1445, 1, 0, 1445),
(94, 43, 185, 36, 0, 6660),
(96, 59, 145, 12, 0, 1740),
(97, 8, 275, 3, 0, 567),
(97, 6, 196, 4, 0, 784),
(97, 1, 245, 4, 0, 684),
(97, 62, 215, 3, 0, 735),
(99, 28, 136, 24, 0, 3264),
(99, 6, 196, 12, 0, 2352),
(99, 62, 215, 3, 0, 735),
(99, 3, 285, 6, 0, 1194),
(99, 1, 245, 6, 0, 1026),
(101, 20, 206, 12, 0, 2652),
(102, 3, 285, 6, 0, 1278),
(102, 57, 1365, 1, 0, 1365),
(102, 54, 1295, 1, 0, 1295),
(103, 53, 1350, 1, 0, 1350),
(103, 66, 1088, 1, 0, 1350),
(103, 51, 1700, 1, 0, 1700),
(103, 11, 1260, 1, 0, 1260),
(106, 33, 150, 24, 0, 3600),
(106, 42, 192, 12, 0, 2520),
(110, 56, 1445, 1, 0, 1445),
(110, 60, 1400, 1, 0, 1400),
(110, 45, 98, 5, 0, 525),
(110, 20, 206, 2, 0, 442),
(110, 53, 1350, 1, 0, 1350),
(113, 28, 136, 12, 0, 1632),
(116, 28, 136, 12, 0, 1632),
(116, 33, 150, 12, 0, 1800),
(116, 38, 207, 12, 0, 1848),
(116, 20, 206, 3, 0, 618),
(116, 25, 230, 4, 0, 644),
(118, 43, 185, 2, 0, 370),
(118, 44, 185, 3, 0, 555),
(121, 47, 1260, 1, 0, 1260),
(121, 56, 1445, 2, 0, 2890),
(121, 60, 1400, 1, 0, 1400),
(121, 57, 1365, 1, 0, 1365),
(121, 54, 1295, 1, 0, 1295),
(121, 11, 1260, 2, 0, 2520),
(121, 48, 1110, 2, 0, 2220),
(124, 39, 1471, 1, 0, 1471),
(125, 42, 192, 1, 0, 250),
(126, 11, 1260, 1, 0, 2000),
(126, 59, 145, 1, 0, 200),
(127, 135, 1800, 1, 0, 1800),
(128, 84, 5500, 2, 0, 11000),
(129, 81, 6000, 1, 0, 6000),
(130, 59, 200, 1, 0, 200),
(130, 62, 350, 1, 0, 350),
(130, 32, 350, 1, 0, 350),
(130, 12, 400, 1, 0, 400),
(130, 132, 300, 1, 0, 300),
(131, 127, 5000, 4, 0, 20000),
(132, 48, 1800, 1, 0, 1800),
(134, 1, 350, 1, 0, 350),
(134, 28, 200, 2, 0, 400),
(134, 59, 200, 1, 0, 200),
(134, 6, 300, 1, 0, 300),
(134, 62, 350, 1, 0, 350),
(138, 56, 1445, 1, 0, 1445),
(140, 59, 145, 12, 0, 1740),
(140, 2, 187, 1, 0, 187),
(141, 43, 185, 12, 0, 2220),
(142, 56, 1445, 5, 0, 7225),
(142, 60, 1400, 2, 0, 2800),
(142, 1, 183, 6, 0, 1098),
(142, 18, 210, 4, 0, 840),
(142, 72, 450, 6, 0, 2700),
(142, 59, 145, 12, 0, 1740),
(143, 1, 183, 3, 0, 549),
(143, 13, 255, 6, 0, 1530),
(146, 47, 1260, 2, 0, 2520),
(146, 39, 1471, 1, 0, 1471),
(146, 54, 1295, 3, 0, 3885),
(146, 57, 1365, 3, 0, 4095),
(146, 60, 1400, 5, 0, 7000),
(146, 56, 1445, 3, 0, 4335),
(146, 51, 1700, 1, 0, 1700),
(147, 53, 1350, 3, 0, 4050),
(147, 66, 1350, 2, 0, 2700),
(147, 55, 1140, 1, 0, 1140),
(147, 24, 165, 5, 0, 825),
(147, 11, 1260, 2, 0, 2520),
(147, 65, 1360, 2, 0, 2720),
(149, 42, 210, 3, 0, 630),
(149, 45, 105, 3, 0, 315),
(149, 28, 146, 6, 0, 876),
(149, 33, 161, 6, 0, 966),
(149, 49, 1445, 1, 0, 1445),
(150, 28, 146, 12, 0, 1752),
(150, 25, 172, 6, 0, 1032),
(151, 124, 6000, 2, 0, 12000),
(152, 1, 350, 1, 0, 350),
(152, 28, 200, 2, 0, 400),
(152, 58, 250, 1, 0, 250),
(154, 43, 185, 5, 0, 925),
(155, 60, 1400, 1, 0, 1400),
(156, 28, 146, 6, 0, 816),
(156, 32, 180, 2, 0, 336),
(156, 31, 168, 2, 0, 336),
(156, 3, 213, 4, 0, 796),
(156, 21, 206, 3, 0, 588),
(156, 34, 140, 3, 0, 420),
(157, 28, 200, 3, 0, 600),
(157, 4, 350, 1, 0, 350),
(157, 3, 300, 1, 0, 300),
(157, 109, 9500, 2, 0, 19000),
(159, 1, 183, 1, 12, 171),
(161, 28, 146, 12, 120, 1632),
(161, 20, 206, 4, 0, 824),
(161, 69, 220, 4, 0, 880),
(161, 59, 145, 6, 0, 870),
(112, 56, 1445, 1, 0, 1445),
(112, 60, 1400, 1, 0, 1400),
(112, 53, 1350, 1, 0, 1350),
(112, 59, 145, 6, 0, 870),
(135, 28, 146, 20, 0, 2720),
(164, 188, 7000, 4, 5000, 23000),
(165, 170, 950, 1, 0, 950),
(166, 109, 9500, 2, 0, 19000),
(167, 185, 12500, 2, 3000, 22000),
(168, 33, 215, 1, 15, 200),
(169, 33, 215, 1, 15, 200),
(169, 28, 200, 1, 0, 200),
(170, 1, 350, 1, 150, 200),
(170, 28, 200, 1, 0, 200),
(171, 8, 300, 1, 50, 250),
(171, 38, 220, 1, 20, 200),
(172, 20, 295, 1, 45, 250),
(173, 42, 210, 1, 10, 200),
(176, 20, 350, 1, 0, 350),
(176, 33, 215, 1, 15, 200),
(177, 76, 4800, 4, 200, 19000),
(178, 28, 200, 1, 0, 200),
(179, 109, 9500, 1, 0, 9500),
(180, 192, 10300, 2, 600, 20000),
(181, 108, 10000, 4, 0, 40000),
(181, 33, 200, 1, 0, 200),
(181, 72, 600, 2, 0, 1200),
(182, 57, 1600, 1, 0, 1600),
(182, 48, 1800, 1, 0, 1800),
(182, 28, 200, 2, 0, 400),
(183, 38, 220, 1, 0, 220),
(184, 192, 10300, 1, 0, 10300),
(185, 28, 200, 1, 0, 200),
(185, 191, 300, 1, 0, 300),
(186, 28, 200, 1, 0, 200),
(186, 59, 200, 2, 0, 400),
(187, 59, 145, 6, 0, 870),
(188, 56, 1445, 1, 0, 1445),
(188, 60, 1400, 1, 0, 1400),
(190, 142, 300, 4, 0, 1200),
(191, 4, 350, 1, 0, 350),
(191, 3, 300, 1, 0, 300),
(191, 28, 200, 1, 0, 200),
(191, 59, 200, 2, 0, 400),
(192, 66, 2200, 1, 0, 2200),
(193, 76, 5000, 4, 0, 20000),
(194, 56, 1445, 1, 0, 1445),
(194, 43, 200, 3, 0, 600),
(194, 72, 600, 1, 0, 600),
(194, 13, 415, 1, 0, 415),
(195, 137, 1350, 1, 50, 1300),
(197, 33, 200, 1, 0, 200),
(197, 25, 230, 1, 0, 230),
(197, 193, 10000, 4, 0, 40000),
(202, 53, 1350, 3, 0, 4050),
(203, 72, 450, 3, 0, 1350),
(204, 56, 1445, 5, 0, 7225),
(204, 55, 1140, 4, 0, 4560),
(204, 36, 255, 6, 0, 1530),
(204, 59, 145, 24, 0, 3480),
(204, 64, 155, 12, 0, 1860),
(204, 35, 262, 3, 0, 786),
(204, 2, 187, 6, 0, 1122),
(207, 58, 175, 2, 0, 350),
(210, 1, 183, 3, 0, 513),
(210, 4, 198, 4, 0, 740),
(210, 58, 175, 3, 0, 525),
(208, 20, 221, 3, 0, 618),
(208, 58, 175, 3, 0, 525),
(208, 22, 252, 1, 0, 252),
(208, 28, 146, 12, 0, 1632),
(215, 41, 38, 12, 0, 456),
(215, 59, 145, 12, 0, 1740),
(215, 33, 161, 6, 0, 966),
(216, 28, 146, 6, 0, 876),
(216, 42, 210, 4, 0, 840),
(217, 6, 300, 1, 0, 300),
(217, 59, 200, 2, 0, 400),
(218, 1, 183, 2, 0, 366),
(218, 28, 146, 3, 0, 438),
(218, 33, 161, 3, 0, 483),
(218, 34, 150, 3, 0, 450),
(219, 6, 210, 5, 0, 1050),
(220, 72, 450, 3, 0, 1350),
(220, 59, 145, 3, 0, 435),
(220, 64, 155, 5, 0, 775),
(175, 44, 185, 12, 0, 2220),
(81, 62, 215, 4, 0, 1080),
(221, 6, 300, 1, 0, 300),
(221, 28, 200, 1, 0, 200),
(222, 20, 221, 2, 0, 412),
(222, 8, 275, 2, 0, 378),
(222, 25, 172, 2, 0, 322),
(222, 28, 146, 12, 0, 1632),
(222, 59, 145, 3, 0, 435),
(223, 1, 350, 1, 0, 350),
(223, 28, 200, 2, 0, 400),
(223, 59, 200, 3, 0, 600),
(223, 69, 315, 1, 0, 350),
(223, 63, 500, 1, 0, 700),
(224, 39, 1471, 1, 0, 4500),
(226, 81, 6000, 2, 0, 12000),
(227, 89, 5000, 1, 0, 5500),
(228, 29, 193, 1, 0, 193),
(228, 3, 300, 1, 0, 300),
(229, 192, 10300, 1, 0, 10300),
(230, 28, 146, 20, 20, 2900),
(231, 56, 2200, 1, 0, 2200),
(84, 33, 161, 36, 0, 5796),
(84, 28, 146, 12, 0, 1752),
(84, 43, 185, 24, 0, 4440),
(105, 45, 105, 6, 0, 630),
(105, 58, 175, 5, 0, 935),
(105, 6, 210, 5, 0, 1050),
(105, 42, 210, 2, 0, 420),
(144, 13, 255, 5, 0, 1275),
(144, 12, 311, 5, 0, 1555),
(144, 32, 180, 12, 0, 2160),
(144, 52, 1471, 2, 0, 2942),
(144, 51, 1700, 2, 0, 3400),
(144, 131, 1471, 2, 0, 2942),
(233, 192, 10300, 1, 0, 10300),
(234, 11, 1350, 1, 0, 1350),
(234, 72, 600, 1, 0, 600),
(234, 56, 2200, 1, 0, 2200),
(234, 59, 200, 1, 0, 200),
(235, 11, 1350, 1, 0, 1350),
(235, 28, 200, 2, 0, 400),
(235, 45, 110, 2, 0, 220),
(235, 34, 200, 1, 0, 200),
(236, 186, 11500, 1, 0, 11500),
(237, 1, 350, 1, 0, 350),
(237, 28, 200, 2, 0, 400),
(237, 33, 200, 1, 0, 200),
(237, 60, 1400, 1, 0, 1400),
(238, 6, 300, 1, 0, 300),
(238, 57, 1600, 1, 0, 1600),
(238, 135, 1800, 1, 0, 1800),
(238, 150, 950, 1, 0, 950),
(238, 144, 250, 1, 0, 250),
(240, 64, 155, 6, 0, 930),
(241, 36, 255, 3, 0, 765),
(241, 18, 210, 1, 0, 210),
(242, 59, 145, 12, 0, 1740),
(242, 38, 165, 3, 0, 495),
(242, 32, 180, 3, 0, 540),
(243, 45, 105, 6, 0, 630),
(243, 42, 210, 6, 0, 1260),
(243, 4, 198, 2, 0, 396),
(244, 55, 1140, 1, 0, 1140),
(244, 50, 1445, 1, 0, 1445),
(245, 116, 19000, 1, 0, 19000),
(109, 51, 1700, 1, 0, 1700),
(148, 26, 172, 2, 0, 344),
(249, 45, 105, 1, 0, 105),
(249, 63, 520, 1, 0, 520),
(249, 72, 450, 1, 0, 450),
(249, 59, 145, 1, 0, 145),
(249, 28, 146, 1, 0, 146),
(249, 56, 1445, 1, 0, 1445),
(249, 43, 185, 1, 0, 185),
(251, 28, 200, 1, 0, 200),
(251, 2, 200, 1, 0, 200),
(251, 59, 200, 1, 0, 200),
(251, 25, 230, 1, 0, 230),
(251, 6, 300, 1, 0, 300),
(251, 45, 110, 1, 0, 110),
(251, 33, 200, 1, 0, 200),
(253, 56, 1445, 1, 0, 1445),
(254, 128, 5750, 2, 0, 11500),
(255, 56, 2200, 1, 0, 2200),
(255, 143, 220, 1, 0, 220),
(255, 144, 250, 1, 0, 250),
(255, 30, 200, 1, 0, 200),
(256, 6, 300, 1, 0, 300),
(256, 12, 400, 1, 0, 400),
(256, 28, 200, 1, 0, 200),
(257, 56, 1445, 3, 0, 4335),
(257, 12, 311, 5, 105, 1450),
(257, 3, 213, 10, 140, 1990),
(257, 33, 161, 40, 0, 6440),
(257, 59, 145, 24, 0, 3480),
(257, 63, 520, 11, 220, 5500),
(257, 72, 450, 12, 0, 5400),
(258, 224, 109, 8, 0, 872),
(259, 59, 145, 6, 0, 870),
(259, 66, 1350, 1, 0, 1350),
(260, 33, 161, 6, 66, 900),
(260, 28, 146, 6, 60, 816),
(260, 36, 255, 1, 17, 238),
(260, 71, 245, 1, 0, 245),
(263, 33, 161, 6, 66, 900),
(263, 63, 520, 3, 60, 1500),
(263, 72, 450, 3, 0, 1350),
(264, 20, 221, 2, 30, 412),
(264, 19, 192, 2, 0, 384),
(264, 42, 210, 2, 0, 420),
(211, 42, 210, 3, 0, 630),
(267, 28, 200, 1, 0, 200),
(122, 55, 1140, 1, 0, 1140),
(122, 66, 1350, 1, 0, 1350),
(268, 186, 11500, 2, 1000, 22000),
(269, 56, 2200, 2, 0, 4400),
(269, 69, 320, 1, 0, 320),
(269, 191, 300, 1, 0, 300),
(270, 210, 550, 3, 150, 1500),
(270, 56, 2200, 2, 0, 4400),
(270, 60, 1400, 4, 0, 5600),
(270, 106, 6000, 2, 0, 12000),
(271, 72, 600, 1, 0, 600),
(272, 76, 4800, 1, 0, 4800),
(273, 197, 1250, 1, 50, 1200),
(274, 59, 200, 1, 0, 200),
(275, 59, 200, 1, 0, 200),
(275, 28, 200, 1, 0, 200),
(275, 2, 200, 1, 0, 200),
(196, 96, 11000, 1, 0, 11000),
(277, 143, 220, 1, 0, 220),
(277, 144, 250, 1, 0, 250),
(277, 28, 200, 1, 0, 200),
(277, 69, 320, 1, 0, 320),
(277, 158, 250, 2, 0, 500),
(277, 135, 1800, 1, 0, 1800),
(277, 41, 50, 1, 0, 50),
(277, 42, 210, 2, 0, 420),
(278, 81, 6000, 2, 0, 12000),
(279, 81, 6000, 4, 0, 24000),
(280, 186, 11500, 2, 2000, 21000),
(281, 84, 6000, 2, 1000, 11000),
(282, 143, 220, 3, 0, 660),
(282, 144, 250, 3, 0, 750),
(283, 3, 300, 1, 0, 300),
(283, 10, 410, 1, 0, 410),
(283, 28, 200, 1, 0, 200),
(284, 84, 6000, 2, 0, 12000),
(285, 104, 6750, 4, 0, 27000),
(287, 15, 250, 1, 0, 250),
(153, 72, 600, 2, 0, 900),
(288, 81, 6000, 2, 0, 12000),
(265, 31, 240, 1, 0, 250),
(289, 15, 250, 1, 0, 250),
(289, 20, 350, 1, 0, 350),
(289, 33, 200, 1, 0, 200),
(289, 59, 200, 1, 0, 200),
(290, 163, 300, 4, 0, 1200),
(291, 32, 180, 12, 0, 2160),
(291, 12, 311, 5, 0, 1555),
(291, 20, 221, 7, 0, 1547),
(291, 33, 161, 12, 0, 1932),
(64, 11, 1260, 1, 0, 1260),
(64, 56, 1445, 2, 0, 2890),
(64, 57, 1365, 1, 0, 1365),
(64, 60, 1400, 2, 0, 2800),
(64, 54, 1295, 1, 0, 1295),
(64, 48, 1110, 1, 0, 1110),
(64, 28, 146, 12, 0, 1752),
(64, 33, 161, 12, 0, 1932),
(292, 32, 180, 3, 0, 540),
(292, 58, 175, 3, 0, 525),
(292, 71, 245, 1, 0, 245),
(294, 42, 210, 6, 0, 1260),
(294, 55, 1140, 2, 0, 2280),
(294, 72, 450, 6, 0, 2700),
(294, 63, 520, 2, 20, 1020),
(295, 1, 183, 2, 24, 342),
(295, 13, 255, 1, 17, 238),
(295, 20, 221, 1, 15, 206),
(295, 33, 161, 2, 22, 300),
(42, 43, 200, 24, 0, 4440),
(162, 28, 146, 12, 120, 1632),
(162, 59, 145, 6, 0, 870),
(162, 48, 1110, 1, 0, 1110),
(162, 11, 1260, 1, 0, 1260),
(162, 55, 1140, 1, 0, 1350),
(162, 56, 1445, 1, 0, 1445),
(162, 60, 1400, 1, 0, 1400),
(162, 54, 1295, 1, 0, 1295),
(162, 57, 1365, 1, 0, 1365),
(162, 33, 161, 12, 132, 1800),
(162, 45, 105, 6, 0, 630),
(296, 28, 200, 1, 0, 200),
(296, 59, 200, 1, 0, 200),
(296, 33, 200, 1, 0, 200),
(296, 62, 350, 1, 0, 350),
(296, 3, 300, 1, 0, 300),
(296, 13, 430, 1, 0, 430),
(296, 144, 250, 1, 0, 250),
(296, 145, 350, 1, 0, 350),
(225, 76, 5000, 1, 0, 5000),
(133, 84, 6000, 2, 200, 10800),
(297, 128, 6500, 2, 0, 13000),
(298, 192, 11000, 1, 0, 11000),
(299, 243, 10000, 2, 0, 20000),
(300, 120, 9250, 2, 0, 18500),
(300, 33, 200, 1, 0, 200),
(301, 43, 185, 163, 0, 30155),
(301, 44, 185, 5, 0, 925),
(302, 28, 200, 1, 0, 200),
(302, 183, 20, 1, 0, 20),
(302, 44, 200, 3, 0, 600),
(302, 3, 300, 1, 0, 300),
(302, 33, 200, 1, 0, 200),
(302, 59, 200, 3, 0, 600),
(302, 45, 110, 2, 0, 220),
(303, 127, 5000, 2, 0, 10000),
(304, 186, 11800, 1, 0, 11800),
(305, 80, 17000, 2, 0, 34000),
(306, 186, 11800, 2, 0, 23600),
(307, 186, 11800, 1, 0, 11800),
(308, 118, 10000, 4, 1000, 39000),
(311, 135, 1800, 1, 0, 1800),
(312, 84, 6000, 2, 0, 12000),
(313, 78, 6000, 2, 0, 12000),
(314, 137, 1350, 1, 0, 1350),
(314, 108, 10000, 4, 0, 40000),
(315, 183, 20, 49, 0, 980),
(316, 28, 200, 1, 0, 200),
(316, 33, 200, 1, 0, 200),
(317, 115, 18000, 2, 1000, 35000),
(318, 1, 350, 1, 0, 350),
(318, 28, 200, 1, 0, 200),
(319, 20, 350, 2, 0, 700),
(319, 33, 200, 1, 0, 200),
(319, 28, 200, 1, 0, 200),
(320, 59, 200, 1, 0, 200),
(322, 81, 6000, 2, 0, 12000),
(323, 41, 38, 12, 0, 456),
(323, 42, 210, 4, 0, 880),
(324, 42, 210, 4, 0, 840),
(325, 58, 175, 3, 0, 561),
(326, 239, 13500, 4, 0, 54000),
(327, 230, 250, 1, 0, 250),
(327, 119, 9800, 2, 0, 19600),
(327, 56, 2200, 1, 0, 2200),
(327, 210, 550, 1, 0, 550),
(327, 28, 200, 1, 0, 200),
(328, 56, 2200, 1, 0, 2200),
(328, 33, 200, 1, 0, 200),
(328, 28, 200, 1, 0, 200),
(328, 25, 230, 1, 0, 230),
(328, 271, 700, 2, 0, 1400),
(329, 266, 700, 2, 100, 1300),
(330, 184, 40, 1, 0, 40),
(331, 13, 430, 1, 0, 430),
(331, 28, 200, 1, 0, 200),
(332, 3, 213, 2, 0, 426),
(333, 59, 145, 12, 0, 1740),
(334, 210, 380, 2, 160, 600),
(335, 11, 1260, 3, 0, 3780),
(335, 55, 1140, 3, 0, 3420),
(335, 1, 183, 2, 0, 366),
(335, 12, 311, 5, 0, 1555),
(335, 13, 255, 5, 0, 1275),
(335, 22, 270, 3, 0, 810),
(335, 56, 1445, 3, 0, 4335),
(336, 21, 206, 3, 30, 588),
(336, 63, 550, 6, 0, 3300),
(336, 25, 172, 3, 30, 486),
(206, 6, 210, 12, 0, 2352),
(206, 28, 146, 20, 0, 2720),
(206, 33, 161, 12, 0, 1800),
(338, 11, 1260, 1, 0, 1260),
(338, 28, 146, 6, 60, 816),
(339, 33, 161, 6, 66, 900),
(339, 25, 172, 2, 22, 322),
(73, 1, 183, 1, 0, 171),
(73, 6, 210, 1, 0, 196),
(73, 69, 220, 1, 0, 220),
(73, 9, 270, 2, 0, 378),
(73, 12, 311, 1, 0, 290),
(73, 22, 270, 1, 0, 252),
(73, 70, 600, 1, 0, 595),
(73, 23, 231, 1, 0, 231),
(73, 24, 165, 2, 0, 308),
(73, 28, 146, 6, 0, 816),
(73, 36, 255, 2, 0, 476),
(73, 45, 105, 6, 0, 630),
(85, 56, 1445, 1, 0, 1445),
(85, 66, 1350, 1, 0, 1260),
(85, 11, 1260, 1, 0, 1350),
(100, 46, 1530, 1, 0, 1630),
(120, 28, 146, 12, 0, 1632),
(120, 33, 161, 12, 0, 1800),
(158, 59, 145, 12, 0, 1740),
(340, 20, 221, 2, 30, 412),
(341, 59, 145, 6, 0, 870),
(342, 42, 210, 12, 20, 2500),
(343, 28, 146, 4, 40, 544),
(344, 210, 380, 1, 80, 300),
(345, 124, 6500, 2, 0, 13000),
(346, 97, 7500, 2, 1000, 14000),
(347, 39, 2500, 1, 300, 2200),
(347, 28, 200, 1, 0, 200),
(348, 43, 185, 24, 0, 4440),
(349, 6, 210, 6, 0, 1260),
(349, 3, 213, 6, 0, 1278),
(349, 33, 161, 12, 0, 1932),
(349, 28, 146, 12, 0, 1752),
(349, 43, 185, 6, 0, 1110),
(349, 44, 185, 6, 0, 1110),
(350, 83, 6500, 4, 2000, 24000),
(350, 55, 1350, 1, 0, 1350),
(350, 143, 220, 2, 0, 440),
(350, 144, 250, 2, 0, 500),
(351, 28, 200, 2, 0, 400),
(351, 4, 350, 1, 0, 350),
(351, 6, 300, 1, 0, 300),
(352, 196, 800, 1, 0, 800),
(353, 20, 350, 1, 0, 350),
(355, 98, 19000, 2, 0, 38000),
(356, 20, 221, 10, 110, 2100),
(356, 33, 165, 30, 0, 4950),
(356, 19, 192, 1, 72, 120),
(356, 41, 38, 24, 0, 912),
(357, 59, 175, 6, 0, 1050),
(358, 93, 6000, 2, 0, 13000),
(359, 197, 1250, 1, 0, 1250),
(360, 33, 200, 1, 0, 200),
(360, 28, 200, 1, 0, 200),
(9, 28, 200, 1, 0, 200),
(9, 33, 200, 1, 0, 200),
(361, 58, 250, 1, 0, 350),
(361, 84, 6000, 1, 0, 6000),
(362, 55, 1350, 1, 0, 2000),
(363, 116, 19000, 2, 0, 38000),
(364, 59, 200, 1, 0, 200),
(310, 140, 1350, 1, 150, 1200),
(365, 61, 1275, 1, 0, 1275),
(365, 33, 200, 2, 0, 400),
(365, 43, 200, 3, 0, 600),
(365, 280, 350, 2, 0, 700),
(365, 163, 300, 4, 0, 1200),
(366, 59, 175, 12, 0, 2100),
(367, 60, 1400, 1, 0, 1400),
(367, 66, 2200, 1, 0, 2200),
(367, 142, 300, 2, 0, 600),
(367, 28, 200, 1, 0, 200),
(367, 3, 300, 1, 0, 300),
(367, 67, 1370, 1, 0, 1370),
(368, 28, 200, 1, 0, 200),
(368, 45, 110, 1, 0, 110),
(368, 184, 40, 1, 0, 40),
(369, 1, 183, 6, 66, 1032),
(369, 51, 1700, 1, 50, 1650),
(369, 11, 1350, 1, 0, 1350),
(370, 20, 221, 6, 0, 1326),
(370, 25, 172, 7, 0, 1204),
(370, 33, 165, 8, 32, 1288),
(370, 6, 210, 6, 0, 1260),
(370, 63, 550, 5, 0, 2750),
(370, 64, 160, 5, 0, 800),
(104, 56, 1445, 3, 0, 4335),
(104, 60, 1400, 3, 0, 4200),
(104, 11, 1350, 2, 0, 2520),
(104, 57, 1365, 2, 0, 2730),
(104, 54, 1295, 1, 0, 1295),
(104, 28, 146, 24, 0, 3504),
(104, 33, 165, 12, 0, 1932),
(371, 2, 187, 6, 12, 1110),
(337, 28, 146, 20, 200, 2720),
(337, 33, 165, 20, 220, 3000),
(337, 6, 210, 12, 168, 2352),
(337, 20, 221, 12, 180, 2472),
(337, 31, 168, 12, 0, 2016),
(201, 57, 1365, 2, 0, 2730),
(201, 54, 1295, 1, 0, 1295),
(201, 39, 1500, 1, 0, 1471),
(201, 28, 146, 20, 0, 2920),
(201, 4, 198, 5, 0, 990),
(201, 1, 183, 5, 0, 915),
(372, 25, 172, 5, 55, 805),
(373, 20, 221, 3, 45, 618),
(373, 3, 213, 2, 76, 350),
(373, 16, 252, 1, 0, 252),
(49, 28, 146, 6, 0, 816),
(49, 4, 198, 2, 0, 370),
(49, 48, 1110, 1, 0, 1110),
(49, 55, 1140, 1, 0, 1140),
(49, 56, 1445, 1, 0, 1445),
(374, 6, 210, 2, 28, 392),
(374, 32, 180, 3, 36, 504),
(114, 59, 175, 12, 0, 1740),
(114, 60, 1400, 1, 0, 1400),
(375, 43, 185, 3, 0, 555),
(375, 44, 185, 3, 0, 555),
(375, 1, 183, 2, 24, 342),
(115, 55, 1140, 2, 0, 2280),
(189, 57, 1365, 1, 0, 1365),
(75, 6, 210, 4, 0, 784),
(75, 59, 175, 6, 0, 870),
(75, 20, 221, 3, 0, 618),
(95, 42, 210, 3, 0, 630),
(293, 1, 183, 2, 16, 350),
(293, 191, 251, 2, 34, 468),
(293, 28, 146, 20, 200, 2720),
(293, 59, 175, 12, 0, 1740),
(209, 4, 198, 3, 0, 555),
(209, 56, 1445, 1, 0, 1445),
(209, 57, 1365, 2, 0, 2730),
(209, 48, 1110, 1, 0, 1110),
(209, 11, 1350, 1, 0, 1260),
(209, 33, 165, 12, 0, 1800),
(160, 2, 187, 4, 48, 700),
(160, 27, 161, 2, 0, 322),
(160, 6, 210, 4, 56, 784),
(160, 43, 185, 6, 0, 1110),
(376, 41, 38, 12, 0, 456),
(376, 42, 210, 2, 0, 420),
(377, 33, 165, 5, 75, 750),
(378, 69, 220, 3, 0, 660),
(378, 13, 255, 2, 0, 510),
(378, 1, 183, 2, 0, 366),
(378, 4, 198, 2, 0, 396),
(378, 42, 210, 6, 0, 1260),
(33, 20, 221, 6, 0, 1110),
(33, 25, 172, 6, 0, 960),
(33, 28, 146, 12, 0, 1500),
(33, 2, 187, 4, 0, 600),
(33, 13, 255, 4, 0, 900),
(80, 28, 146, 12, 0, 1632),
(80, 31, 168, 4, 0, 672),
(80, 33, 165, 4, 0, 600),
(111, 28, 146, 12, 0, 1632),
(111, 58, 175, 1, 0, 175),
(111, 33, 165, 3, 0, 450),
(36, 28, 146, 6, 0, 750),
(36, 58, 175, 2, 0, 340),
(36, 1, 183, 2, 0, 320),
(214, 33, 165, 5, 0, 750),
(214, 19, 192, 1, 0, 192),
(214, 32, 180, 3, 0, 504),
(91, 1, 183, 2, 0, 342),
(91, 3, 213, 1, 0, 231),
(379, 3, 300, 1, 0, 300),
(379, 33, 200, 1, 0, 200),
(379, 28, 200, 3, 0, 600),
(379, 150, 950, 1, 0, 950),
(379, 184, 40, 1, 0, 40),
(380, 6, 300, 1, 0, 300),
(380, 93, 6000, 2, 0, 12000),
(380, 267, 1000, 1, 0, 1000),
(380, 191, 300, 1, 0, 300),
(380, 28, 200, 1, 0, 200),
(381, 108, 10000, 4, 0, 40000),
(382, 81, 6000, 4, 0, 24000),
(382, 61, 1275, 1, 0, 1275),
(382, 220, 250, 1, 0, 250),
(382, 28, 200, 1, 0, 200),
(382, 59, 200, 1, 0, 200),
(43, 48, 1110, 1, 0, 1110),
(43, 52, 1471, 1, 0, 1471),
(43, 56, 1445, 1, 0, 1445),
(43, 60, 1400, 1, 0, 1400),
(43, 11, 1350, 1, 0, 1260),
(55, 19, 192, 2, 0, 384),
(55, 20, 221, 2, 0, 412),
(55, 33, 165, 12, 0, 1800),
(55, 4, 198, 4, 0, 740),
(205, 50, 1445, 2, 0, 2890),
(205, 60, 1400, 1, 0, 1400),
(205, 56, 1445, 2, 0, 2890),
(119, 10, 287, 3, 0, 861),
(119, 133, 165, 3, 0, 462),
(119, 66, 1350, 2, 0, 2700),
(119, 55, 1140, 2, 0, 2280),
(119, 53, 1350, 2, 0, 2700),
(119, 44, 185, 6, 0, 1110),
(266, 48, 1110, 2, 0, 2220),
(266, 28, 146, 6, 60, 816),
(266, 33, 165, 6, 66, 900),
(266, 34, 150, 6, 60, 840),
(266, 45, 105, 6, 0, 630),
(266, 194, 1650, 3, 1500, 3450),
(266, 142, 240, 4, 120, 840),
(266, 143, 180, 4, 0, 720),
(266, 144, 195, 4, 0, 780),
(383, 56, 1535, 2, 0, 3070),
(384, 63, 550, 3, 0, 1650),
(385, 43, 185, 12, 0, 2220),
(107, 43, 185, 12, 0, 2220),
(262, 44, 185, 12, 0, 2220),
(386, 28, 200, 1, 0, 200),
(386, 32, 240, 1, 0, 240),
(386, 6, 300, 1, 0, 300),
(387, 28, 200, 3, 0, 600),
(387, 59, 200, 1, 0, 200),
(387, 43, 200, 1, 0, 200),
(387, 1, 350, 1, 0, 350),
(387, 2, 200, 1, 0, 200),
(321, 115, 18000, 2, 0, 36000),
(388, 56, 2200, 1, 0, 2200),
(388, 2, 200, 1, 0, 200),
(389, 6, 300, 1, 0, 300),
(389, 28, 200, 1, 0, 200),
(389, 33, 200, 1, 0, 200),
(389, 19, 280, 1, 0, 280),
(391, 221, 410, 2, 10, 810),
(393, 28, 200, 1, 0, 200),
(394, 20, 350, 1, 0, 350),
(394, 33, 200, 1, 0, 200),
(394, 56, 2200, 1, 0, 2200),
(394, 188, 7000, 2, 1000, 13000),
(395, 84, 6500, 4, 1000, 25000),
(396, 33, 165, 50, 200, 8050),
(396, 25, 172, 25, 0, 4300),
(396, 20, 221, 25, 0, 5525),
(396, 19, 210, 6, 0, 1260),
(145, 191, 251, 5, 0, 1255),
(145, 42, 210, 5, 0, 1050),
(145, 143, 180, 4, 0, 560),
(145, 135, 1650, 2, 600, 2700),
(145, 142, 240, 4, 0, 960),
(145, 144, 195, 4, 0, 640),
(200, 33, 165, 60, 0, 9660),
(200, 28, 146, 60, 0, 8760),
(200, 20, 221, 20, 0, 4420),
(200, 25, 172, 20, 0, 3440),
(46, 56, 1535, 1, 0, 1445),
(46, 60, 1400, 1, 0, 1400),
(46, 44, 185, 2, 0, 370),
(46, 42, 210, 2, 0, 440),
(46, 43, 185, 2, 0, 370),
(46, 33, 165, 6, 0, 966),
(46, 59, 175, 6, 0, 870),
(56, 43, 185, 6, 0, 1110),
(56, 44, 185, 6, 0, 1110),
(56, 56, 1535, 1, 0, 1445),
(56, 60, 1400, 1, 0, 1400),
(56, 57, 1365, 1, 0, 1365),
(56, 54, 1295, 1, 0, 1295),
(56, 11, 1350, 1, 0, 1260),
(397, 28, 200, 1, 0, 200),
(397, 59, 200, 2, 0, 400),
(397, 2, 200, 1, 0, 200),
(398, 56, 2500, 1, 0, 2500),
(398, 60, 2200, 1, 0, 2200),
(399, 294, 7250, 4, 0, 29000),
(400, 105, 8500, 4, 2000, 32000),
(401, 59, 175, 12, 0, 2100),
(402, 28, 146, 12, 120, 1632),
(402, 60, 1400, 1, 0, 1400),
(402, 56, 1535, 1, 90, 1445),
(404, 28, 146, 12, 120, 1632),
(403, 28, 146, 24, 240, 3264),
(403, 33, 165, 24, 360, 3600),
(403, 6, 210, 12, 324, 2196),
(403, 12, 320, 2, 0, 640),
(213, 28, 146, 12, 0, 1632),
(213, 59, 175, 12, 0, 1740),
(405, 6, 210, 3, 42, 588),
(405, 2, 187, 6, 72, 1050),
(405, 41, 38, 12, 0, 456),
(406, 31, 168, 3, 0, 504),
(406, 2, 187, 6, 102, 1020),
(406, 25, 172, 5, 55, 805),
(406, 20, 221, 4, 60, 824),
(407, 33, 165, 3, 45, 450),
(407, 20, 221, 1, 50, 171),
(407, 1, 206, 1, 0, 206),
(390, 28, 146, 12, 648, 1752),
(261, 63, 550, 8, 0, 4160),
(261, 33, 165, 12, 132, 1800),
(261, 20, 221, 6, 90, 1236),
(261, 69, 220, 6, 0, 1320),
(51, 59, 175, 6, 0, 870),
(51, 64, 160, 12, 0, 1860),
(51, 42, 210, 3, 0, 630),
(51, 43, 185, 3, 0, 555),
(51, 44, 185, 3, 0, 555),
(117, 59, 175, 12, 0, 1740),
(98, 42, 210, 3, 0, 630),
(98, 59, 175, 5, 0, 725),
(77, 43, 185, 2, 0, 370),
(77, 44, 185, 4, 0, 740),
(163, 33, 165, 12, 132, 1800),
(163, 20, 221, 6, 0, 1236),
(163, 13, 255, 4, 68, 952),
(163, 2, 187, 4, 48, 700),
(163, 60, 1400, 1, 0, 1400),
(408, 33, 200, 1, 0, 200),
(408, 32, 240, 1, 0, 240),
(408, 13, 430, 1, 0, 430),
(408, 20, 350, 1, 0, 350),
(408, 72, 600, 1, 0, 600),
(409, 28, 200, 1, 0, 200),
(410, 84, 6500, 1, 500, 6000),
(412, 28, 200, 1, 0, 200),
(413, 287, 750, 1, 0, 750),
(411, 296, 7250, 4, 0, 29000),
(414, 242, 11800, 1, 0, 11800),
(414, 109, 9500, 2, 0, 19000),
(414, 28, 200, 1, 0, 200),
(414, 62, 350, 1, 0, 350),
(414, 34, 200, 1, 0, 200),
(414, 58, 250, 1, 0, 250),
(414, 20, 350, 1, 0, 350),
(415, 59, 200, 3, 0, 600),
(415, 48, 1800, 1, 0, 1800),
(415, 28, 200, 2, 0, 400),
(415, 25, 230, 1, 0, 230),
(415, 13, 430, 1, 0, 430),
(415, 32, 240, 1, 0, 240),
(415, 33, 200, 1, 0, 200),
(415, 20, 350, 1, 0, 350),
(415, 56, 2500, 1, 0, 2500),
(416, 33, 200, 2, 0, 400),
(416, 20, 350, 1, 0, 350),
(416, 28, 200, 1, 0, 200),
(416, 208, 550, 3, 0, 1650),
(417, 189, 6000, 2, 0, 12000),
(417, 81, 6000, 3, 0, 18000),
(418, 148, 850, 1, 0, 850),
(418, 163, 300, 4, 0, 1200),
(418, 330, 350, 2, 0, 700),
(418, 242, 11800, 1, 0, 11800),
(418, 297, 650, 2, 0, 1300),
(419, 56, 2500, 1, 0, 2500),
(419, 60, 2200, 1, 0, 2200),
(420, 20, 350, 1, 0, 350),
(420, 28, 200, 1, 0, 200),
(420, 58, 250, 2, 0, 500),
(420, 60, 2200, 1, 0, 2200),
(421, 59, 175, 12, 0, 2100),
(422, 2, 187, 5, 0, 935),
(422, 20, 221, 5, 0, 1105),
(423, 2, 187, 2, 0, 400),
(423, 33, 165, 4, 0, 740),
(424, 20, 221, 10, 0, 2210),
(424, 66, 1350, 1, 0, 1350),
(424, 13, 255, 2, 0, 510),
(425, 58, 175, 6, 0, 1260),
(425, 3, 213, 6, 0, 1278),
(425, 56, 1535, 6, 0, 9210),
(425, 60, 1400, 6, 0, 8400),
(425, 39, 1500, 3, 0, 4500),
(425, 13, 255, 6, 0, 1530),
(426, 58, 175, 1, 0, 175),
(426, 10, 287, 1, 0, 287),
(426, 28, 146, 5, 0, 680),
(426, 32, 180, 1, 0, 168),
(427, 28, 200, 12, 0, 1632),
(427, 45, 110, 6, 0, 630),
(428, 58, 250, 1, 0, 250),
(428, 28, 200, 2, 0, 400),
(428, 106, 6000, 4, 0, 24000),
(428, 93, 6500, 2, 0, 13000),
(428, 334, 9250, 4, 0, 37000),
(429, 78, 6000, 4, 0, 24000),
(429, 93, 6500, 5, 0, 32500),
(429, 142, 300, 2, 0, 600),
(429, 143, 220, 1, 0, 220),
(429, 144, 250, 1, 0, 250),
(429, 1, 350, 1, 0, 350),
(429, 3, 300, 1, 0, 300),
(429, 326, 350, 1, 0, 350),
(429, 28, 200, 1, 0, 200),
(429, 20, 350, 1, 0, 350),
(429, 33, 200, 1, 0, 200),
(429, 191, 300, 1, 0, 300),
(430, 104, 6750, 4, 0, 27000),
(431, 28, 200, 1, 0, 200),
(431, 45, 110, 1, 0, 110),
(431, 59, 200, 1, 0, 200),
(431, 220, 250, 1, 0, 250),
(432, 28, 146, 12, 0, 1848),
(432, 33, 165, 24, 0, 4032),
(432, 42, 210, 12, 0, 3000),
(433, 59, 200, 1, 0, 200),
(433, 62, 350, 1, 0, 350),
(433, 143, 220, 1, 0, 220),
(433, 144, 250, 1, 0, 250),
(433, 6, 300, 1, 0, 300),
(433, 25, 230, 1, 0, 230),
(433, 28, 200, 2, 0, 400),
(433, 33, 200, 1, 0, 200),
(433, 22, 360, 1, 0, 360),
(433, 1, 350, 1, 0, 350),
(435, 6, 210, 2, 0, 420),
(436, 59, 175, 6, 0, 1050),
(436, 33, 165, 2, 0, 330),
(436, 28, 146, 1, 0, 154),
(436, 2, 187, 1, 0, 200),
(436, 20, 221, 1, 0, 210),
(437, 28, 146, 24, 0, 3696),
(437, 2, 187, 3, 0, 600),
(438, 28, 146, 12, 0, 2400),
(438, 43, 185, 6, 0, 1110),
(438, 44, 185, 6, 0, 1110),
(438, 191, 251, 2, 0, 502),
(438, 1, 206, 4, 0, 824),
(439, 33, 165, 12, 0, 2016),
(439, 1, 206, 3, 0, 618),
(439, 22, 270, 1, 0, 252),
(440, 43, 185, 10, 0, 1950),
(440, 44, 185, 2, 0, 390),
(442, 59, 175, 6, 0, 1050),
(442, 45, 105, 6, 0, 660),
(442, 28, 146, 0, 0, 0),
(443, 1, 206, 2, 0, 370),
(444, 243, 10000, 1, 0, 10000),
(444, 56, 2500, 2, 0, 5000),
(444, 143, 220, 1, 0, 220),
(444, 144, 250, 1, 0, 250),
(444, 236, 700, 1, 0, 700),
(444, 20, 350, 1, 0, 350),
(444, 33, 200, 1, 0, 200),
(444, 28, 200, 1, 0, 200),
(444, 88, 7000, 4, 0, 28000),
(444, 42, 210, 1, 0, 210),
(444, 241, 12500, 2, 0, 25000),
(445, 164, 320, 3, 0, 960),
(445, 59, 200, 4, 0, 800),
(445, 226, 550, 3, 0, 1650),
(446, 116, 19000, 1, 0, 19000),
(446, 163, 300, 4, 0, 1200),
(446, 28, 200, 2, 0, 400),
(446, 6, 300, 1, 0, 300),
(446, 59, 200, 1, 0, 200),
(447, 20, 350, 1, 0, 350),
(447, 25, 230, 1, 0, 230),
(447, 33, 200, 1, 0, 200),
(447, 59, 200, 2, 0, 400),
(447, 203, 300, 1, 0, 300),
(447, 208, 550, 3, 0, 1650),
(447, 131, 1471, 1, 0, 1471),
(447, 297, 650, 1, 0, 650),
(447, 59, 200, 1, 0, 200),
(447, 323, 170, 1, 0, 170),
(447, 337, 2200, 1, 0, 2200),
(448, 28, 146, 6, 0, 924),
(448, 33, 165, 6, 0, 1008),
(448, 42, 210, 4, 0, 1000),
(449, 42, 210, 10, 0, 2500),
(450, 72, 600, 1, 0, 600),
(450, 18, 250, 1, 0, 250),
(450, 34, 200, 1, 0, 200),
(450, 59, 200, 2, 0, 400),
(450, 58, 250, 1, 0, 350),
(450, 55, 1350, 1, 0, 1800),
(450, 45, 110, 1, 0, 110),
(450, 297, 650, 1, 0, 650),
(450, 56, 2500, 1, 0, 2500),
(450, 163, 300, 4, 0, 1200),
(451, 59, 200, 1, 0, 200),
(451, 108, 10000, 2, 0, 20000),
(452, 20, 350, 1, 0, 350),
(452, 33, 200, 1, 0, 200),
(453, 43, 195, 6, 0, 1170),
(453, 44, 195, 6, 0, 1170),
(453, 63, 580, 6, 0, 3480),
(454, 20, 221, 12, 0, 2652),
(454, 33, 165, 12, 0, 2016),
(454, 31, 168, 12, 0, 2016),
(455, 6, 210, 12, 0, 2520),
(456, 3, 213, 6, 0, 1278),
(456, 5, 270, 2, 0, 486),
(457, 25, 172, 2, 0, 344),
(458, 56, 1535, 1, 0, 1535),
(458, 60, 1400, 1, 0, 1400),
(459, 13, 255, 1, 0, 255),
(459, 20, 221, 2, 0, 442),
(459, 32, 180, 3, 0, 540),
(460, 63, 580, 6, 0, 3480),
(460, 72, 550, 6, 0, 3300),
(460, 42, 210, 12, 0, 3000),
(460, 56, 1535, 1, 0, 1500),
(460, 60, 1400, 1, 0, 1450),
(461, 59, 200, 2, 0, 400),
(461, 44, 200, 3, 0, 600),
(461, 2, 200, 1, 0, 200),
(461, 6, 300, 1, 0, 300),
(461, 56, 2500, 1, 0, 2500),
(462, 331, 9250, 4, 0, 37000),
(462, 239, 13500, 4, 0, 54000),
(462, 39, 2500, 1, 0, 2500),
(463, 127, 5000, 2, 0, 10000),
(463, 93, 6500, 2, 0, 13000),
(463, 59, 200, 1, 0, 200),
(464, 33, 200, 1, 0, 200),
(464, 59, 200, 1, 0, 200),
(465, 346, 80, 6, 12, 468),
(466, 20, 221, 2, 22, 420),
(466, 54, 1350, 2, 0, 2700),
(467, 48, 1800, 1, 0, 1800),
(467, 20, 350, 1, 0, 350),
(467, 25, 230, 1, 0, 230),
(467, 45, 110, 1, 0, 110),
(467, 163, 300, 4, 0, 1200),
(467, 164, 320, 3, 0, 960),
(467, 192, 11000, 2, 0, 22000),
(467, 331, 9250, 2, 0, 18500),
(467, 84, 6500, 4, 0, 26000),
(467, 33, 200, 2, 0, 400),
(467, 28, 200, 1, 0, 200),
(467, 6, 300, 1, 0, 300),
(468, 6, 210, 5, 0, 1050),
(468, 58, 175, 3, 0, 525),
(468, 45, 105, 5, 0, 525),
(468, 32, 180, 2, 0, 360),
(468, 59, 175, 3, 0, 525),
(469, 24, 165, 4, 44, 616),
(470, 29, 136, 12, 0, 1632),
(471, 60, 1400, 1, 0, 1400),
(472, 43, 195, 24, 0, 4680),
(473, 28, 146, 12, 120, 1632),
(473, 33, 165, 12, 180, 1800),
(473, 19, 210, 4, 0, 768),
(473, 22, 270, 2, 36, 504),
(473, 32, 180, 3, 36, 504),
(473, 72, 550, 4, 400, 1800),
(474, 48, 1110, 2, 0, 2220),
(474, 56, 1535, 2, 0, 3070),
(474, 66, 1350, 1, 0, 1350),
(474, 11, 1350, 1, 0, 1350),
(474, 47, 1260, 1, 0, 1260),
(474, 61, 1403, 1, 0, 1403),
(474, 28, 146, 6, 0, 876),
(474, 33, 165, 6, 0, 990),
(474, 25, 172, 6, 0, 1032),
(474, 41, 38, 12, 0, 456),
(475, 59, 175, 12, 360, 1740),
(476, 63, 580, 3, 90, 1650),
(477, 56, 2500, 1, 0, 2500),
(477, 93, 6500, 2, 0, 13000),
(477, 78, 6000, 4, 0, 24000),
(477, 113, 11000, 4, 0, 44000),
(478, 56, 2500, 1, 0, 2500),
(478, 93, 6500, 2, 0, 13000),
(478, 78, 6000, 4, 0, 24000),
(478, 113, 11000, 4, 0, 44000),
(479, 20, 350, 1, 0, 350),
(479, 33, 200, 2, 0, 400),
(479, 25, 230, 1, 0, 230),
(479, 41, 50, 1, 0, 50),
(479, 72, 700, 1, 0, 700),
(480, 6, 210, 5, 0, 1050),
(481, 28, 154, 12, 0, 1848),
(481, 33, 168, 24, 0, 4032),
(481, 32, 180, 12, 0, 2160),
(482, 28, 154, 24, 0, 3696),
(482, 33, 168, 24, 0, 4032),
(482, 59, 175, 12, 0, 2100),
(483, 6, 210, 12, 0, 2520),
(483, 72, 550, 6, 0, 3300),
(483, 63, 580, 6, 0, 3480),
(483, 33, 168, 12, 0, 2016),
(484, 28, 154, 12, 0, 1848),
(485, 1, 206, 3, 0, 549),
(485, 3, 213, 3, 0, 639),
(485, 4, 198, 3, 0, 594),
(485, 32, 180, 6, 0, 1080),
(485, 43, 195, 12, 0, 2340),
(485, 25, 172, 5, 0, 860),
(486, 56, 1535, 1, 0, 1535),
(487, 62, 215, 4, 0, 1048),
(487, 58, 175, 4, 0, 748),
(487, 20, 221, 6, 0, 1326),
(488, 20, 221, 2, 0, 412),
(488, 19, 210, 2, 0, 384),
(488, 2, 187, 4, 0, 748),
(488, 42, 210, 2, 0, 500),
(489, 33, 168, 2, 0, 336),
(489, 32, 180, 1, 0, 180),
(489, 69, 220, 1, 0, 236),
(489, 68, 161, 1, 0, 172),
(490, 28, 154, 12, 0, 1848),
(490, 32, 180, 3, 0, 540),
(490, 33, 168, 4, 0, 672),
(491, 331, 9250, 2, 0, 18500),
(491, 59, 200, 2, 0, 400),
(491, 28, 200, 1, 0, 200),
(491, 33, 200, 1, 0, 200),
(491, 25, 230, 1, 0, 230),
(491, 20, 350, 1, 0, 350),
(491, 1, 350, 1, 0, 350),
(491, 2, 200, 1, 0, 200),
(491, 42, 210, 1, 0, 210),
(491, 72, 700, 1, 0, 700),
(492, 6, 300, 1, 0, 300),
(492, 20, 350, 1, 0, 350),
(492, 25, 230, 1, 0, 230),
(492, 33, 200, 1, 0, 200),
(492, 59, 200, 1, 0, 200),
(492, 56, 2500, 1, 0, 2500),
(492, 60, 2200, 1, 0, 2200),
(493, 33, 168, 12, 0, 2016),
(494, 127, 5000, 2, 0, 10000),
(494, 59, 200, 1, 0, 200),
(494, 1, 350, 1, 0, 350),
(494, 28, 200, 1, 0, 200),
(495, 78, 6000, 4, 0, 24000),
(497, 3, 213, 4, 0, 852),
(498, 4, 198, 1, 0, 198),
(498, 6, 210, 1, 0, 210),
(498, 59, 175, 6, 0, 1050),
(498, 42, 210, 1, 0, 250),
(499, 56, 1535, 1, 0, 1535),
(499, 60, 1400, 1, 0, 1400),
(500, 33, 168, 24, 0, 4032),
(500, 20, 221, 5, 0, 1105),
(500, 19, 210, 2, 0, 420),
(500, 8, 275, 5, 0, 1375),
(500, 1, 206, 4, 0, 824),
(500, 3, 213, 5, 0, 1065),
(501, 32, 180, 24, 0, 4320),
(501, 28, 154, 12, 0, 1848),
(501, 33, 168, 24, 0, 4032),
(501, 59, 175, 12, 0, 2100),
(501, 63, 580, 6, 0, 3480),
(501, 72, 550, 6, 0, 3450),
(502, 56, 1535, 2, 0, 3070),
(502, 60, 1400, 2, 0, 2800),
(502, 48, 1110, 1, 0, 1110),
(502, 53, 1350, 1, 0, 1350),
(502, 28, 154, 6, 0, 924),
(502, 55, 1140, 1, 0, 1140),
(502, 66, 1350, 1, 0, 1350),
(502, 62, 215, 3, 0, 786),
(503, 116, 19500, 2, 0, 39000),
(503, 115, 18500, 4, 0, 74000),
(503, 84, 6500, 2, 0, 13000),
(504, 6, 210, 3, 0, 630),
(505, 6, 210, 6, 0, 1176),
(505, 2, 187, 6, 0, 1050),
(505, 3, 213, 6, 0, 1194),
(505, 59, 175, 12, 0, 2100),
(505, 43, 195, 12, 0, 2340),
(505, 20, 221, 6, 0, 1236),
(505, 4, 198, 4, 0, 740),
(505, 58, 175, 6, 0, 1050),
(505, 28, 154, 6, 0, 924),
(505, 33, 168, 12, 0, 2016),
(505, 32, 180, 12, 0, 2160),
(505, 42, 210, 4, 0, 1000),
(505, 38, 165, 4, 0, 616),
(505, 45, 105, 6, 0, 660),
(505, 72, 550, 6, 0, 3300),
(506, 6, 210, 3, 0, 630),
(507, 20, 221, 6, 0, 1326),
(507, 2, 187, 3, 0, 561),
(507, 3, 213, 3, 0, 639),
(507, 25, 172, 6, 0, 1032),
(508, 20, 221, 2, 0, 442),
(508, 19, 210, 2, 0, 412),
(508, 2, 187, 2, 0, 374),
(508, 3, 213, 2, 0, 426),
(508, 4, 198, 2, 0, 396),
(508, 58, 175, 2, 0, 350),
(508, 6, 210, 2, 0, 420),
(508, 69, 220, 2, 0, 472),
(509, 59, 175, 12, 0, 2100),
(510, 127, 5000, 6, 0, 30000),
(510, 85, 12500, 2, 0, 25000),
(511, 84, 6500, 4, 0, 26000),
(511, 127, 5000, 4, 0, 20000),
(511, 341, 5750, 2, 0, 11500),
(512, 94, 6500, 1, 0, 6500),
(513, 192, 11000, 2, 0, 22000),
(514, 191, 251, 5, 0, 1255),
(515, 59, 175, 6, 0, 1050),
(516, 28, 154, 6, 0, 924),
(516, 33, 168, 6, 0, 1008),
(517, 59, 175, 12, 0, 2100),
(517, 62, 215, 11, 0, 2882),
(518, 33, 168, 12, 0, 2016),
(518, 28, 154, 12, 0, 1848),
(518, 2, 187, 6, 0, 1122),
(518, 69, 220, 6, 0, 1416),
(518, 20, 221, 6, 0, 1326),
(518, 59, 175, 12, 0, 2100),
(519, 48, 1110, 2, 0, 2300),
(519, 56, 1535, 2, 0, 3070),
(519, 60, 1400, 2, 0, 2900),
(519, 32, 180, 12, 0, 2160),
(519, 45, 105, 6, 0, 660),
(519, 20, 221, 4, 0, 884),
(520, 28, 154, 7, 0, 1078),
(521, 28, 154, 6, 0, 924),
(521, 33, 168, 6, 0, 1008),
(521, 32, 180, 2, 0, 360),
(521, 2, 187, 2, 0, 374),
(521, 43, 195, 3, 0, 585),
(522, 28, 154, 12, 0, 1848),
(522, 25, 172, 6, 0, 1032),
(523, 59, 175, 12, 0, 2100),
(524, 28, 154, 12, 0, 1848),
(524, 41, 38, 12, 0, 600),
(524, 43, 195, 4, 0, 780),
(525, 28, 154, 6, 0, 924),
(525, 32, 180, 6, 0, 1080),
(526, 42, 210, 24, 500, 5500),
(527, 28, 154, 6, 0, 924),
(527, 32, 180, 2, 0, 360),
(527, 59, 175, 6, 0, 1050),
(528, 83, 6500, 4, 0, 26000),
(528, 104, 6750, 4, 0, 27000),
(528, 20, 350, 1, 0, 350),
(528, 33, 200, 1, 0, 200),
(528, 87, 6500, 4, 0, 26000),
(528, 78, 6000, 4, 0, 24000),
(528, 33, 200, 1, 0, 200),
(528, 20, 350, 1, 0, 350),
(528, 28, 200, 1, 0, 200),
(528, 3, 300, 1, 0, 300),
(528, 56, 2500, 2, 0, 5000),
(528, 81, 6000, 4, 0, 24000),
(528, 33, 200, 1, 0, 200),
(528, 28, 200, 2, 0, 400),
(528, 25, 230, 1, 0, 230),
(528, 20, 350, 1, 0, 350),
(528, 1, 350, 1, 0, 350),
(529, 59, 200, 1, 0, 200),
(529, 163, 300, 4, 0, 1200),
(530, 28, 154, 6, 0, 924),
(530, 64, 160, 6, 0, 1170),
(530, 41, 38, 12, 0, 600),
(530, 63, 580, 2, 0, 1160),
(531, 58, 175, 2, 0, 374),
(532, 3, 213, 2, 0, 426),
(532, 20, 221, 2, 0, 442),
(532, 6, 210, 2, 0, 420),
(532, 69, 220, 2, 0, 440),
(532, 8, 275, 2, 0, 550),
(532, 25, 172, 2, 0, 344),
(532, 298, 173, 2, 0, 344),
(532, 59, 175, 2, 0, 350),
(532, 64, 160, 2, 0, 390),
(532, 33, 168, 12, 0, 2016),
(532, 34, 150, 2, 0, 300),
(533, 58, 175, 2, 0, 350),
(534, 97, 7500, 4, 0, 30000),
(534, 242, 11800, 1, 0, 11800),
(535, 1, 350, 12, 0, 4200),
(536, 2, 200, 19, 0, 3800),
(536, 3, 300, 5, 0, 1500),
(536, 4, 350, 12, 0, 4200),
(536, 5, 400, 5, 0, 2000),
(536, 6, 300, 20, 0, 6000),
(536, 7, 350, 12, 0, 4200),
(536, 8, 300, 15, 0, 4500),
(536, 9, 400, 1, 0, 400),
(536, 10, 410, 10, 0, 4100),
(536, 11, 1550, 11, 0, 17050),
(536, 12, 400, 10, 0, 4000),
(537, 13, 430, 8, 0, 3440),
(537, 15, 250, 10, 0, 2500),
(537, 17, 370, 8, 0, 2960),
(537, 18, 250, 1, 0, 250),
(537, 19, 280, 1, 0, 280),
(537, 20, 350, 39, 0, 13650),
(537, 21, 300, 40, 0, 12000),
(537, 22, 360, 24, 0, 8640),
(537, 23, 330, 1, 0, 330),
(537, 24, 220, 132, 0, 29040),
(537, 25, 230, 27, 0, 6210),
(537, 26, 230, 16, 0, 3680),
(537, 27, 220, 10, 0, 2200),
(537, 28, 200, 79, 0, 15800),
(537, 29, 200, 1, 0, 200),
(537, 30, 200, 83, 0, 16600),
(537, 31, 250, 6, 0, 1500),
(537, 32, 240, 40, 0, 9600),
(537, 33, 200, 137, 0, 27400),
(537, 34, 200, 20, 0, 4000),
(537, 35, 350, 49, 0, 17150),
(537, 36, 340, 38, 0, 12920),
(537, 37, 220, 8, 0, 1760),
(537, 38, 220, 15, 0, 3300),
(537, 39, 2500, 23, 0, 57500),
(537, 41, 50, 2, 0, 100),
(537, 42, 210, 25, 0, 5250),
(537, 44, 200, 76, 0, 15200),
(537, 45, 110, 26, 0, 2860),
(537, 46, 1530, 36, 0, 55080),
(537, 47, 1260, 4, 0, 5040),
(537, 48, 1800, 12, 0, 21600),
(537, 51, 1700, 20, 0, 34000),
(537, 52, 1471, 41, 0, 60311),
(537, 53, 1350, 2, 0, 2700),
(537, 54, 1450, 11, 0, 15950),
(537, 55, 1350, 2, 0, 2700),
(537, 56, 2500, 29, 0, 72500),
(537, 57, 1600, 3, 0, 4800),
(537, 58, 250, 13, 0, 3250),
(537, 59, 200, 5, 0, 1000),
(537, 60, 2200, 25, 0, 55000),
(537, 63, 750, 30, 0, 22500),
(537, 64, 200, 24, 0, 4800),
(537, 66, 2200, 6, 0, 13200),
(537, 67, 1370, 1, 0, 1370),
(537, 68, 230, 9, 0, 2070),
(537, 69, 320, 4, 0, 1280),
(537, 70, 850, 17, 0, 14450),
(537, 72, 700, 11, 0, 7700),
(537, 129, 220, 16, 0, 3520),
(537, 39, 2500, 4, 0, 10000),
(537, 132, 300, 14, 0, 4200),
(537, 133, 220, 3, 0, 660),
(537, 261, 3000, 31, 0, 93000),
(537, 298, 400, 8, 0, 3200),
(538, 242, 11800, 2, 0, 23600),
(539, 28, 200, 1, 0, 200),
(539, 56, 2500, 1, 0, 2500),
(539, 3, 300, 1, 0, 300),
(540, 28, 200, 3, 0, 600),
(540, 3, 300, 1, 0, 300),
(540, 19, 280, 1, 0, 280),
(540, 20, 350, 1, 0, 350),
(540, 33, 200, 1, 0, 200),
(541, 56, 2500, 1, 0, 2500),
(541, 60, 2200, 1, 0, 2200),
(541, 33, 200, 1, 0, 200),
(541, 28, 200, 1, 0, 200),
(541, 20, 350, 1, 0, 350),
(541, 25, 230, 1, 0, 230),
(541, 1, 350, 1, 0, 350),
(541, 45, 110, 1, 0, 110),
(542, 28, 154, 6, 0, 924),
(542, 8, 275, 3, 0, 825),
(542, 11, 1350, 1, 0, 1350),
(543, 28, 154, 24, 0, 3696),
(543, 33, 168, 24, 0, 4032),
(543, 59, 175, 12, 0, 2100),
(543, 19, 210, 4, 0, 840),
(543, 20, 221, 6, 0, 1326),
(544, 28, 154, 6, 0, 924),
(544, 33, 168, 6, 0, 1008),
(545, 28, 154, 24, 0, 3696),
(545, 33, 168, 36, 0, 6048),
(545, 32, 180, 12, 0, 2160),
(546, 1, 206, 5, 0, 915),
(547, 334, 9250, 2, 0, 18500),
(547, 70, 850, 1, 0, 850),
(547, 54, 1450, 1, 0, 1450),
(548, 60, 1400, 2, 0, 2800),
(548, 56, 1535, 2, 0, 3070),
(549, 28, 154, 24, 0, 3696),
(549, 33, 168, 12, 0, 2016),
(549, 20, 221, 11, 0, 2431),
(549, 41, 38, 12, 0, 456),
(550, 34, 150, 2, 0, 400),
(551, 26, 172, 6, 0, 1032),
(552, 28, 154, 12, 0, 1848),
(553, 33, 168, 12, 0, 2016),
(553, 41, 38, 12, 0, 456),
(554, 22, 270, 2, 0, 540),
(554, 8, 275, 2, 0, 550),
(554, 59, 175, 8, 0, 1400),
(554, 27, 161, 2, 0, 322),
(555, 28, 154, 12, 0, 1848),
(556, 42, 210, 12, 0, 2520),
(557, 28, 154, 12, 0, 1848),
(557, 45, 105, 6, 0, 630),
(557, 43, 195, 6, 0, 1170),
(558, 59, 200, 1, 0, 175),
(558, 33, 200, 2, 0, 336),
(558, 28, 200, 1, 0, 154),
(558, 135, 1800, 1, 0, 1800),
(558, 19, 280, 1, 0, 280),
(558, 33, 200, 1, 0, 200),
(558, 84, 6500, 2, 0, 13000),
(558, 350, 5000, 2, 0, 10000),
(559, 72, 700, 1, 0, 700),
(560, 42, 350, 1, 0, 350),
(560, 202, 200, 1, 0, 200),
(560, 73, 11500, 2, 0, 23000),
(560, 192, 11000, 1, 0, 11000),
(560, 243, 10000, 1, 0, 10000),
(560, 98, 19000, 2, 0, 38000),
(560, 242, 11800, 1, 0, 11800),
(560, 186, 11800, 1, 0, 11800),
(560, 84, 6500, 2, 0, 13000),
(561, 28, 154, 12, 0, 1848),
(562, 20, 350, 1, 0, 350),
(562, 33, 200, 2, 0, 400),
(562, 28, 200, 1, 0, 200),
(562, 59, 200, 1, 0, 200),
(562, 62, 350, 1, 0, 350),
(562, 162, 550, 1, 0, 550),
(563, 56, 2500, 1, 0, 2500),
(564, 28, 154, 6, 0, 924),
(564, 33, 168, 3, 0, 504),
(565, 28, 154, 24, 0, 3696),
(566, 109, 9500, 1, 0, 9500),
(566, 334, 9250, 4, 0, 37000),
(566, 331, 9250, 2, 0, 18500),
(566, 28, 200, 1, 0, 200),
(566, 2, 200, 1, 0, 200),
(566, 33, 200, 1, 0, 200),
(566, 28, 200, 1, 0, 200),
(566, 56, 2500, 1, 0, 2500),
(566, 162, 550, 1, 0, 550),
(566, 59, 200, 1, 0, 200),
(567, 28, 154, 12, 0, 1848),
(567, 33, 168, 12, 0, 2016),
(568, 8, 202, 2, 0, 404),
(568, 2, 187, 2, 0, 374),
(568, 11, 1350, 1, 0, 1350),
(568, 6, 210, 2, 0, 420),
(569, 59, 175, 6, 0, 1050),
(570, 28, 154, 12, 0, 1848),
(570, 2, 187, 3, 0, 561),
(571, 33, 168, 6, 0, 1008),
(572, 59, 175, 6, 0, 1050),
(572, 41, 38, 12, 0, 456),
(572, 42, 250, 2, 0, 500),
(573, 28, 154, 6, 0, 924),
(573, 2, 187, 2, 0, 374),
(573, 20, 221, 3, 0, 663),
(573, 3, 213, 2, 0, 426),
(573, 12, 311, 2, 0, 622),
(574, 56, 1535, 1, 0, 1535),
(574, 60, 1450, 1, 0, 1450),
(575, 42, 250, 2, 0, 500),
(575, 59, 175, 12, 0, 2100),
(576, 60, 1450, 1, 0, 1450),
(577, 28, 200, 1, 0, 200),
(578, 349, 6000, 2, 0, 12000),
(579, 63, 750, 2, 0, 1500),
(579, 59, 200, 1, 0, 200),
(579, 28, 200, 2, 0, 400),
(580, 143, 220, 1, 0, 220),
(580, 144, 250, 1, 0, 250),
(580, 3, 300, 1, 0, 300),
(580, 60, 2200, 1, 0, 2200),
(580, 137, 1350, 2, 0, 2700),
(580, 349, 6000, 2, 0, 12000),
(580, 59, 200, 1, 0, 200),
(581, 33, 200, 1, 0, 200),
(581, 28, 200, 2, 0, 400),
(581, 6, 300, 1, 0, 300),
(581, 25, 230, 1, 0, 230),
(581, 3, 300, 1, 0, 300),
(581, 59, 200, 1, 0, 200),
(582, 108, 10000, 4, 0, 40000),
(582, 189, 6000, 2, 0, 12000),
(582, 28, 200, 1, 0, 200),
(582, 6, 300, 1, 0, 300),
(582, 33, 200, 1, 0, 200),
(582, 38, 220, 1, 0, 220),
(582, 8, 300, 1, 0, 300),
(583, 151, 150, 2, 0, 300),
(584, 164, 320, 3, 0, 960),
(585, 59, 175, 6, 0, 1050),
(586, 60, 1450, 2, 0, 2900),
(586, 56, 1535, 1, 0, 1535),
(586, 11, 1350, 1, 0, 1350),
(586, 39, 1500, 1, 0, 1471),
(586, 53, 1350, 2, 0, 2700),
(586, 67, 1096, 2, 0, 2740),
(586, 5, 270, 5, 0, 1170),
(586, 1, 183, 6, 0, 1098),
(587, 33, 168, 24, 0, 4032),
(587, 20, 221, 4, 0, 884),
(587, 3, 213, 4, 0, 852),
(587, 6, 210, 4, 0, 840),
(587, 8, 202, 2, 0, 404),
(588, 28, 154, 6, 0, 924),
(588, 59, 175, 6, 0, 1050),
(589, 6, 210, 12, 0, 2520),
(589, 20, 221, 12, 0, 2652),
(589, 19, 210, 4, 0, 840),
(589, 33, 168, 12, 0, 2016),
(590, 28, 154, 6, 0, 924),
(591, 28, 154, 6, 0, 924),
(591, 63, 580, 6, 0, 3480),
(591, 62, 215, 4, 0, 860),
(592, 28, 154, 12, 0, 1848),
(593, 28, 154, 6, 0, 924),
(593, 58, 175, 2, 0, 350),
(594, 28, 154, 6, 0, 924),
(595, 350, 5000, 2, 0, 10000),
(595, 81, 6000, 2, 0, 12000),
(595, 36, 340, 1, 0, 340),
(595, 39, 2500, 1, 0, 2500),
(595, 142, 300, 1, 0, 300),
(595, 210, 550, 1, 0, 550),
(595, 117, 9500, 4, 0, 38000),
(596, 33, 200, 2, 0, 400),
(596, 60, 2200, 1, 0, 2200),
(596, 33, 200, 1, 0, 200),
(596, 20, 350, 1, 0, 350),
(596, 63, 750, 3, 0, 2250),
(596, 59, 200, 2, 0, 400),
(597, 56, 2500, 1, 0, 2500),
(597, 28, 200, 1, 0, 200),
(597, 142, 300, 2, 0, 600),
(597, 143, 220, 1, 0, 220),
(597, 144, 250, 1, 0, 250),
(597, 334, 9250, 4, 0, 37000),
(597, 84, 6000, 2, 0, 12000),
(597, 198, 1000, 1, 0, 1000),
(598, 78, 6000, 4, 0, 24000),
(599, 33, 200, 1, 0, 0),
(599, 20, 350, 1, 0, 350),
(599, 11, 1550, 1, 0, 1550),
(599, 28, 200, 1, 0, 200),
(599, 6, 300, 1, 0, 300),
(599, 337, 2200, 2, 0, 4400),
(599, 42, 350, 1, 0, 350),
(599, 41, 50, 3, 0, 150),
(599, 202, 200, 1, 0, 200),
(599, 197, 1250, 1, 0, 1250),
(599, 135, 1800, 1, 0, 1800),
(600, 11, 1350, 1, 0, 1350),
(601, 63, 580, 6, 0, 3600),
(601, 72, 550, 6, 0, 3450),
(601, 64, 160, 12, 0, 2340),
(602, 28, 200, 1, 0, 200),
(602, 33, 200, 1, 0, 200),
(602, 20, 350, 1, 0, 350),
(602, 3, 300, 1, 0, 300),
(603, 163, 300, 4, 0, 1200),
(603, 45, 110, 1, 0, 110),
(604, 32, 180, 12, 0, 2160),
(604, 191, 251, 4, 0, 1004),
(605, 39, 1500, 1, 0, 1471),
(606, 33, 168, 2, 0, 336),
(606, 6, 210, 2, 0, 420),
(606, 62, 215, 1, 0, 262),
(607, 28, 154, 12, 0, 1848),
(608, 189, 6000, 2, 0, 12000),
(608, 355, 14000, 1, 0, 14000),
(608, 39, 2500, 1, 0, 2500),
(608, 59, 200, 1, 0, 200),
(609, 28, 200, 12, 0, 2400),
(610, 10, 287, 3, 0, 921),
(611, 20, 221, 2, 0, 442),
(612, 28, 154, 12, 0, 1848),
(613, 8, 202, 2, 0, 404),
(613, 3, 213, 2, 0, 426),
(614, 64, 195, 1, 0, 195),
(614, 59, 175, 1, 0, 175),
(615, 43, 195, 6, 0, 1170),
(615, 44, 195, 6, 0, 1170),
(616, 28, 154, 6, 0, 924),
(616, 32, 180, 4, 0, 720),
(616, 33, 168, 3, 0, 504),
(616, 3, 213, 1, 0, 213),
(616, 13, 255, 1, 0, 255),
(617, 334, 9250, 4, 0, 37000),
(618, 334, 9250, 2, 0, 18500),
(619, 116, 19500, 2, 0, 39000),
(619, 28, 200, 1, 0, 200),
(619, 4, 350, 1, 0, 350),
(619, 104, 6750, 4, 0, 27000),
(619, 24, 220, 1, 0, 220),
(619, 54, 1450, 1, 0, 1450),
(619, 64, 230, 2, 0, 460),
(619, 135, 1800, 1, 0, 1800),
(619, 38, 220, 1, 0, 220),
(620, 243, 10000, 3, 0, 30000),
(621, 60, 1450, 1, 0, 1450),
(622, 33, 200, 1, 0, 168),
(622, 25, 230, 1, 0, 172),
(622, 47, 1260, 1, 0, 1260),
(622, 3, 300, 1, 0, 213),
(622, 188, 7000, 2, 0, 14000),
(622, 349, 6000, 4, 0, 24000),
(623, 3, 213, 1, 0, 213),
(623, 28, 154, 1, 0, 154),
(623, 20, 221, 1, 0, 221),
(624, 56, 1535, 5, 0, 7675),
(624, 60, 1450, 5, 0, 7250),
(624, 25, 172, 5, 0, 1050),
(624, 27, 165, 5, 0, 1050),
(624, 43, 195, 6, 0, 1170),
(624, 44, 195, 6, 0, 1170),
(625, 20, 350, 1, 0, 350),
(625, 25, 230, 1, 0, 230),
(626, 60, 2200, 1, 0, 2200),
(627, 297, 650, 2, 0, 1300),
(627, 163, 300, 8, 0, 2400),
(627, 135, 1800, 11, 0, 19800),
(628, 28, 200, 1, 0, 200),
(628, 3, 300, 2, 0, 600),
(628, 59, 200, 2, 0, 400),
(628, 43, 200, 1, 0, 200),
(628, 45, 110, 1, 0, 110),
(629, 59, 175, 12, 0, 2100),
(630, 28, 154, 6, 0, 924),
(630, 59, 175, 6, 0, 1050),
(631, 33, 168, 2, 0, 336),
(631, 59, 175, 2, 0, 350),
(632, 33, 168, 24, 0, 4032),
(633, 28, 154, 4, 0, 616),
(633, 4, 198, 2, 0, 396),
(633, 25, 172, 2, 0, 344),
(634, 20, 221, 6, 0, 1326),
(634, 1, 183, 6, 0, 1098),
(634, 58, 175, 4, 0, 700),
(634, 16, 252, 4, 0, 1080),
(634, 69, 220, 6, 0, 1416),
(634, 33, 168, 12, 0, 2016),
(634, 21, 210, 4, 0, 840),
(635, 59, 175, 6, 0, 1050),
(636, 28, 154, 4, 0, 616),
(637, 73, 11500, 2, 0, 23000),
(637, 352, 7500, 4, 0, 30000),
(637, 6, 300, 1, 0, 300),
(637, 2, 200, 1, 0, 200),
(638, 46, 1530, 14, 0, 21420),
(638, 261, 1650, 19, 0, 31350),
(638, 50, 1445, 14, 0, 20230),
(638, 39, 1500, 1, 0, 1500),
(638, 47, 1260, 1, 0, 1260),
(638, 33, 168, 1, 0, 168),
(638, 44, 195, 12, 0, 2340),
(638, 20, 221, 35, 0, 7735),
(638, 54, 1365, 10, 0, 13650),
(638, 56, 1535, 12, 0, 18420),
(638, 47, 1260, 23, 0, 28980),
(638, 55, 1140, 10, 0, 11400),
(638, 54, 1365, 6, 0, 8190),
(638, 57, 1365, 12, 0, 16380),
(638, 50, 1445, 2, 0, 2890),
(638, 48, 1110, 35, 0, 38850),
(638, 65, 1360, 20, 0, 27200),
(638, 52, 1471, 10, 0, 14710),
(638, 66, 1350, 12, 0, 16200),
(638, 131, 1471, 9, 0, 13239),
(639, 59, 200, 4, 0, 800),
(639, 127, 5000, 2, 0, 10000),
(639, 33, 200, 1, 0, 200),
(639, 20, 350, 1, 0, 350),
(639, 25, 230, 1, 0, 230),
(639, 41, 50, 1, 0, 50),
(640, 43, 195, 36, 0, 7020),
(641, 56, 2500, 1, 0, 2500),
(641, 60, 2200, 1, 0, 2200),
(641, 33, 200, 1, 0, 200),
(641, 119, 9800, 2, 0, 19600),
(642, 84, 6000, 4, 0, 24000),
(642, 106, 6000, 4, 0, 24900),
(642, 28, 200, 1, 0, 200),
(642, 33, 200, 1, 0, 200),
(642, 58, 250, 1, 0, 250),
(642, 57, 1600, 1, 0, 1600),
(643, 57, 1600, 12, 0, 19200),
(644, 182, 1650, 14, 0, 23100),
(645, 39, 2500, 1, 0, 2500),
(645, 94, 6500, 4, 0, 26000),
(645, 33, 200, 1, 0, 200),
(645, 59, 200, 3, 0, 600),
(645, 63, 750, 4, 0, 3000),
(645, 33, 200, 1, 0, 200),
(646, 163, 300, 43, 0, 12900),
(646, 343, 250, 2, 0, 500),
(646, 344, 300, 2, 0, 600),
(646, 166, 1600, 10, 0, 16000),
(647, 343, 250, 2, 0, 500),
(647, 344, 300, 2, 0, 600),
(648, 28, 154, 4, 0, 616),
(648, 33, 168, 2, 0, 336),
(649, 28, 154, 24, 0, 3696),
(649, 33, 168, 24, 0, 4032),
(650, 1, 183, 3, 0, 549),
(650, 20, 221, 5, 0, 1105),
(650, 25, 172, 5, 0, 860),
(650, 13, 255, 5, 0, 1275),
(651, 135, 1800, 1, 0, 1800),
(651, 137, 1350, 6, 0, 8100),
(651, 140, 1350, 1, 0, 1350),
(651, 141, 1200, 6, 0, 7200),
(651, 142, 300, 13, 0, 3900),
(651, 143, 220, 4, 0, 880),
(651, 144, 250, 4, 0, 1000),
(651, 145, 350, 3, 0, 1050),
(651, 148, 850, 5, 0, 4250),
(651, 149, 850, 6, 0, 5100),
(651, 156, 850, 4, 0, 3400),
(651, 158, 250, 6, 0, 1500),
(651, 162, 550, 8, 0, 4400),
(651, 164, 320, 11, 0, 3520),
(651, 168, 1600, 1, 0, 1600),
(652, 99, 8000, 4, 0, 32000),
(652, 75, 6000, 4, 0, 24000),
(652, 178, 2200, 1, 0, 2200),
(652, 42, 350, 1, 0, 350),
(652, 69, 320, 1, 0, 320),
(652, 62, 350, 1, 0, 350),
(652, 28, 200, 1, 0, 200),
(652, 24, 220, 1, 0, 220),
(652, 341, 5750, 4, 0, 23000),
(652, 43, 200, 2, 0, 400),
(652, 202, 200, 1, 0, 200),
(652, 143, 220, 2, 0, 440),
(652, 144, 250, 2, 0, 500),
(653, 59, 200, 1, 0, 200),
(653, 33, 200, 1, 0, 200),
(653, 20, 350, 1, 0, 350),
(654, 28, 154, 12, 0, 1848),
(655, 28, 154, 4, 0, 616),
(655, 33, 168, 4, 0, 672),
(655, 20, 221, 2, 0, 442),
(655, 21, 210, 2, 0, 420),
(655, 34, 150, 2, 0, 300),
(655, 41, 50, 12, 0, 600),
(656, 28, 154, 12, 0, 1848),
(656, 43, 195, 6, 0, 1170),
(656, 44, 195, 6, 0, 1170),
(657, 43, 195, 6, 0, 1170),
(657, 44, 195, 6, 0, 1170),
(658, 59, 200, 6, 0, 1200),
(659, 28, 154, 5, 0, 770),
(659, 33, 168, 3, 0, 504),
(660, 57, 1600, 2, 0, 3200),
(661, 48, 1800, 1, 0, 1800),
(661, 55, 1350, 2, 0, 2700),
(661, 54, 1850, 1, 0, 1850),
(661, 50, 1445, 10, 0, 14450),
(662, 343, 250, 1, 0, 250),
(662, 344, 300, 1, 0, 300),
(662, 144, 250, 1, 0, 250),
(662, 45, 110, 5, 0, 550),
(662, 28, 200, 2, 0, 400),
(662, 191, 300, 1, 0, 300),
(663, 160, 200, 2, 0, 400),
(663, 159, 220, 2, 0, 440),
(663, 28, 200, 1, 0, 200),
(663, 1, 350, 1, 0, 350),
(663, 143, 220, 1, 0, 220),
(663, 144, 250, 1, 0, 250),
(664, 350, 5000, 4, 0, 20000);
INSERT INTO `sale_detail` (`sale_id`, `product_id`, `selling_price`, `qty`, `discount`, `total`) VALUES
(665, 342, 350, 2, 0, 700),
(665, 357, 9500, 6, 0, 57000),
(665, 182, 1650, 1, 0, 1650),
(665, 95, 7000, 4, 0, 28000),
(665, 3, 300, 1, 0, 300),
(665, 4, 350, 1, 0, 350),
(665, 33, 200, 2, 0, 400),
(665, 28, 200, 2, 0, 400),
(665, 32, 240, 1, 0, 240),
(665, 297, 650, 1, 0, 650),
(665, 20, 350, 1, 0, 350),
(665, 25, 230, 1, 0, 230),
(666, 59, 200, 1, 0, 200),
(667, 57, 1600, 1, 0, 1600),
(668, 72, 575, 6, 0, 3450),
(668, 43, 195, 3, 0, 585),
(668, 44, 195, 3, 0, 585),
(669, 28, 154, 4, 0, 616),
(669, 33, 168, 6, 0, 1008),
(671, 365, 0, 2, 0, 3000),
(671, 1, 0, 3, 0, 549),
(672, 1, 0, 1, 0, 183),
(673, 1, 0, 3, 0, 600),
(674, 1, 0, 3, 0, 549),
(675, 1, 183, 1, 0, 183),
(675, 2, 187, 2, 0, 374),
(676, 367, 9000, 1, 0, 9000),
(677, 367, 9000, 2, 0, 18000),
(678, 1, 183, 10, 0, 1830);

-- --------------------------------------------------------

--
-- Table structure for table `staff`
--

CREATE TABLE `staff` (
  `staff_id` int(20) NOT NULL,
  `staff_name` varchar(50) NOT NULL,
  `staff_phone` varchar(20) NOT NULL,
  `salary` int(20) NOT NULL,
  `staff_address` varchar(500) NOT NULL
) ENGINE=InnoDB DEFAULT CHARSET=utf8mb4;

--
-- Dumping data for table `staff`
--

INSERT INTO `staff` (`staff_id`, `staff_name`, `staff_phone`, `salary`, `staff_address`) VALUES
(2, 'Salman', '03001234567', 16000, '');

-- --------------------------------------------------------

--
-- Table structure for table `sub_modules`
--

CREATE TABLE `sub_modules` (
  `sb_id` int(11) NOT NULL,
  `module_id` int(11) NOT NULL,
  `operation_name` varchar(50) NOT NULL,
  `operation_slug` varchar(50) NOT NULL,
  `is_view_vissible` tinyint(1) DEFAULT 0,
  `is_add_vissible` tinyint(1) DEFAULT 0,
  `is_edit_vissible` tinyint(1) DEFAULT 0,
  `is_delete_vissible` tinyint(1) DEFAULT 0
) ENGINE=MyISAM DEFAULT CHARSET=utf8;

--
-- Dumping data for table `sub_modules`
--

INSERT INTO `sub_modules` (`sb_id`, `module_id`, `operation_name`, `operation_slug`, `is_view_vissible`, `is_add_vissible`, `is_edit_vissible`, `is_delete_vissible`) VALUES
(1, 1, 'Add Sales', 'add_sales', 1, 1, 1, 0),
(2, 1, 'List Sales', 'list_sales', 1, 1, 1, 0),
(3, 2, 'Add New Order', 'add_new_order', 1, 1, 1, 0),
(4, 2, 'List Orders', 'list_orders', 1, 0, 1, 0),
(5, 3, 'Add Purchase', 'add_purchase', 1, 1, 1, 1),
(6, 3, 'List Purchase', 'list_purchase', 1, 1, 1, 1),
(7, 4, 'Stock', 'stock', 1, 1, 1, 1),
(8, 5, 'Add Product', 'add_product', 1, 0, 1, 0),
(64, 5, 'List Products', 'list_products', 0, 0, 1, 0),
(10, 6, 'Add Supplier', 'add_supplier', 1, 1, 1, 1),
(11, 6, 'List Supplier', 'list_supplier', 1, 1, 1, 1),
(12, 6, 'Supplier Detail', 'supplier_detail', 1, 1, 1, 1),
(14, 7, 'Add Customer', 'add_customer', 1, 1, 1, 1),
(15, 7, 'List Customer', 'list_customer', 1, 1, 1, 1),
(16, 7, 'Customer Detail', 'customer_detail', 1, 1, 1, 1),
(17, 8, 'Add Contact', 'add_contact', 1, 1, 1, 1),
(18, 8, 'List Contacts', 'list_contacts', 1, 1, 1, 1),
(19, 9, 'Add Customer Payment', 'add_customer_payment', 1, 1, 0, 0),
(20, 9, 'List Customer Payments', 'list_customer_payment', 1, 1, 1, 1),
(21, 9, 'Add Supplier Payment', 'add_supplier_payment', 1, 1, 1, 1),
(65, 9, 'List Supplier Payments', 'list_supplier_payment', 1, 0, 0, 0),
(23, 10, 'Dues', 'dues', 1, 1, 1, 0),
(24, 11, 'Add Income', 'add_income', 1, 1, 1, 0),
(25, 11, 'List Income', 'list_income', 1, 1, 1, 0),
(26, 12, 'Add Expense', 'add_expense', 1, 1, 1, 1),
(28, 12, 'List Expense', 'list_expense', 1, 1, 1, 1),
(29, 13, 'Pay Salary', 'pay_salary', 1, 1, 1, 1),
(30, 13, 'Paid Salaries', 'paid_salaries', 1, 1, 1, 1),
(31, 14, 'Add Attendance', 'add_attendance', 1, 1, 1, 1),
(32, 14, 'List Attendance', 'list_attendance', 1, 1, 1, 0),
(33, 15, 'Add Staff', 'add_staff', 1, 1, 1, 0),
(34, 15, 'List Staff', 'list_staff', 1, 1, 1, 0),
(35, 16, 'Product Sales Report', 'product_sales_report', 1, 1, 1, NULL),
(37, 16, 'Sales Summary', 'sales_summary', 1, 1, 1, 1),
(38, 16, 'Sales Model Wise', 'sales_model_wise', 1, 1, 0, 1),
(66, 16, 'Customer Transactions', 'customer_transactions', 1, 1, 1, 0),
(40, 16, 'Due Summary', 'due_summary', 1, 1, 1, 1),
(41, 16, 'Supplier Transactions', 'supplier_transactions', 1, 1, 1, 1),
(42, 16, 'Attendance Report', 'attendance_report', 1, 1, 0, 1),
(43, 16, 'Day Book', 'day_book', 1, 1, 1, 1),
(44, 17, 'Backup Database', 'backup_database', 1, 1, 1, 1),
(45, 18, 'Add Users', 'add_users', 1, 1, 0, 1),
(47, 18, 'List Users', 'list_users', 1, 1, 0, 1),
(48, 18, 'Role Permissions', 'role_permissions', 1, 1, 0, 1),
(50, 18, 'App Data', 'app_data', 1, 1, 1, 1);

-- --------------------------------------------------------

--
-- Table structure for table `supplier`
--

CREATE TABLE `supplier` (
  `supplier_id` int(32) NOT NULL,
  `supplier_name` varchar(32) NOT NULL,
  `supplier_contact` varchar(32) NOT NULL,
  `company_name` varchar(100) NOT NULL,
  `company_phone` int(20) NOT NULL,
  `supplier_address` varchar(100) NOT NULL,
  `time` datetime NOT NULL DEFAULT current_timestamp()
) ENGINE=InnoDB DEFAULT CHARSET=utf8mb4;

--
-- Dumping data for table `supplier`
--

INSERT INTO `supplier` (`supplier_id`, `supplier_name`, `supplier_contact`, `company_name`, `company_phone`, `supplier_address`, `time`) VALUES
(2, 'ALFA PAK', '03048166709', '', 0, '', '2021-09-21 08:57:53'),
(3, 'Work Shop', '03001212975', '', 0, '', '2021-09-25 07:57:47'),
(4, 'Noman.Bearing.LHR', '03004908595', '', 0, '', '2021-09-28 04:12:09'),
(5, 'ZAHEER ABBAS', '03001212975', '', 0, '', '2021-09-28 05:53:18'),
(6, 'Waleed Auto Lhr', '03219523170', '', 0, 'Lahore', '2021-09-29 10:18:12'),
(7, 'umer tyer lhr', '03201423205', '', 0, 'lahore', '2021-10-14 03:35:43'),
(8, 'Azeez Auto badami bag', '03000000000', '', 0, 'badami bag lahore', '2021-10-17 10:49:47'),
(9, 'Rebound Enterprises lhr', '03354529101', '', 0, 'Rebound Enterprises 17km raiwind road lahore.', '2021-10-20 09:15:16'),
(10, 'Ahad tyer lhr', '03044077030', '', 0, '', '2021-10-27 10:39:05'),
(11, 'moneen tyer lhr', '03221433707', '', 0, '', '2021-10-27 10:40:06'),
(12, 'Niaz Auto sapplier', '03014805219', '', 0, 'hafizabad', '2021-11-15 08:18:24'),
(13, 'Mashallah Tyer Chaniot', '03007713035', '', 0, '', '2021-11-16 09:44:39'),
(14, 'zubair Filter house', '03214241427', '', 0, '', '2021-11-16 09:55:46'),
(15, 'Bilal khan lhr', '03012015981', '', 0, 'Lahore', '2021-11-18 09:59:32');

-- --------------------------------------------------------

--
-- Table structure for table `supplier_payment`
--

CREATE TABLE `supplier_payment` (
  `payment_id` int(10) NOT NULL,
  `supplier_id` int(10) NOT NULL,
  `amount` int(15) NOT NULL,
  `ref` varchar(20) NOT NULL,
  `detail` varchar(1500) NOT NULL,
  `date` date NOT NULL DEFAULT current_timestamp()
) ENGINE=InnoDB DEFAULT CHARSET=utf8mb4;

--
-- Dumping data for table `supplier_payment`
--

INSERT INTO `supplier_payment` (`payment_id`, `supplier_id`, `amount`, `ref`, `detail`, `date`) VALUES
(1, 2, 9000, 'jkd', 'kand', '2022-03-01'),
(2, 15, 9000, 'test', 'twest', '2022-03-04');

-- --------------------------------------------------------

--
-- Stand-in structure for view `view_stock`
-- (See below for the actual view)
--
CREATE TABLE `view_stock` (
`product_id` int(32)
,`product_name` varchar(150)
,`sqty` double
,`pqty` double
);

-- --------------------------------------------------------

--
-- Structure for view `view_stock`
--
DROP TABLE IF EXISTS `view_stock`;

CREATE ALGORITHM=UNDEFINED DEFINER=`root`@`localhost` SQL SECURITY DEFINER VIEW `view_stock`  AS SELECT `i`.`product_id` AS `product_id`, `i`.`product_name` AS `product_name`, `s`.`sqty` AS `sqty`, `p`.`pqty` AS `pqty` FROM (((select sum(`purchase_detail`.`qty`) AS `pqty`,`purchase_detail`.`product_id` AS `product_id` from `purchase_detail` group by `purchase_detail`.`product_id`) `p` left join (select sum(`sale_detail`.`qty`) AS `sqty`,`sale_detail`.`product_id` AS `product_id` from `sale_detail` group by `sale_detail`.`product_id`) `s` on(`s`.`product_id` = `p`.`product_id`)) join `product` `i` on(`i`.`product_id` = `p`.`product_id`)) ;

--
-- Indexes for dumped tables
--

--
-- Indexes for table `app_data`
--
ALTER TABLE `app_data`
  ADD PRIMARY KEY (`id`);

--
-- Indexes for table `attendance`
--
ALTER TABLE `attendance`
  ADD PRIMARY KEY (`id`),
  ADD KEY `id` (`id`);

--
-- Indexes for table `contact_book`
--
ALTER TABLE `contact_book`
  ADD PRIMARY KEY (`id`);

--
-- Indexes for table `customer`
--
ALTER TABLE `customer`
  ADD PRIMARY KEY (`customer_id`);

--
-- Indexes for table `customer_payment`
--
ALTER TABLE `customer_payment`
  ADD PRIMARY KEY (`payment_id`);

--
-- Indexes for table `expense`
--
ALTER TABLE `expense`
  ADD PRIMARY KEY (`exp_id`);

--
-- Indexes for table `income`
--
ALTER TABLE `income`
  ADD PRIMARY KEY (`inc_id`);

--
-- Indexes for table `modules`
--
ALTER TABLE `modules`
  ADD PRIMARY KEY (`module_id`),
  ADD KEY `id` (`module_id`);

--
-- Indexes for table `orders`
--
ALTER TABLE `orders`
  ADD PRIMARY KEY (`order_id`);

--
-- Indexes for table `permissions`
--
ALTER TABLE `permissions`
  ADD PRIMARY KEY (`id`),
  ADD KEY `id` (`id`);

--
-- Indexes for table `product`
--
ALTER TABLE `product`
  ADD PRIMARY KEY (`product_id`);

--
-- Indexes for table `purchase`
--
ALTER TABLE `purchase`
  ADD PRIMARY KEY (`purchase_id`);

--
-- Indexes for table `register`
--
ALTER TABLE `register`
  ADD PRIMARY KEY (`user_id`);

--
-- Indexes for table `roles`
--
ALTER TABLE `roles`
  ADD PRIMARY KEY (`role_id`),
  ADD KEY `id` (`role_id`);

--
-- Indexes for table `salary`
--
ALTER TABLE `salary`
  ADD PRIMARY KEY (`salary_id`);

--
-- Indexes for table `sale`
--
ALTER TABLE `sale`
  ADD PRIMARY KEY (`sale_id`);

--
-- Indexes for table `staff`
--
ALTER TABLE `staff`
  ADD PRIMARY KEY (`staff_id`);

--
-- Indexes for table `sub_modules`
--
ALTER TABLE `sub_modules`
  ADD PRIMARY KEY (`sb_id`),
  ADD KEY `id` (`sb_id`);

--
-- Indexes for table `supplier`
--
ALTER TABLE `supplier`
  ADD PRIMARY KEY (`supplier_id`);

--
-- Indexes for table `supplier_payment`
--
ALTER TABLE `supplier_payment`
  ADD PRIMARY KEY (`payment_id`);

--
-- AUTO_INCREMENT for dumped tables
--

--
-- AUTO_INCREMENT for table `app_data`
--
ALTER TABLE `app_data`
  MODIFY `id` int(10) NOT NULL AUTO_INCREMENT, AUTO_INCREMENT=2;

--
-- AUTO_INCREMENT for table `contact_book`
--
ALTER TABLE `contact_book`
  MODIFY `id` int(10) NOT NULL AUTO_INCREMENT, AUTO_INCREMENT=3;

--
-- AUTO_INCREMENT for table `customer`
--
ALTER TABLE `customer`
  MODIFY `customer_id` int(10) NOT NULL AUTO_INCREMENT, AUTO_INCREMENT=145;

--
-- AUTO_INCREMENT for table `customer_payment`
--
ALTER TABLE `customer_payment`
  MODIFY `payment_id` int(10) NOT NULL AUTO_INCREMENT, AUTO_INCREMENT=61;

--
-- AUTO_INCREMENT for table `expense`
--
ALTER TABLE `expense`
  MODIFY `exp_id` int(10) NOT NULL AUTO_INCREMENT, AUTO_INCREMENT=8;

--
-- AUTO_INCREMENT for table `income`
--
ALTER TABLE `income`
  MODIFY `inc_id` int(10) NOT NULL AUTO_INCREMENT, AUTO_INCREMENT=10;

--
-- AUTO_INCREMENT for table `modules`
--
ALTER TABLE `modules`
  MODIFY `module_id` int(11) NOT NULL AUTO_INCREMENT, AUTO_INCREMENT=37;

--
-- AUTO_INCREMENT for table `orders`
--
ALTER TABLE `orders`
  MODIFY `order_id` int(10) NOT NULL AUTO_INCREMENT, AUTO_INCREMENT=3;

--
-- AUTO_INCREMENT for table `product`
--
ALTER TABLE `product`
  MODIFY `product_id` int(32) NOT NULL AUTO_INCREMENT, AUTO_INCREMENT=368;

--
-- AUTO_INCREMENT for table `purchase`
--
ALTER TABLE `purchase`
  MODIFY `purchase_id` int(10) NOT NULL AUTO_INCREMENT, AUTO_INCREMENT=126;

--
-- AUTO_INCREMENT for table `register`
--
ALTER TABLE `register`
  MODIFY `user_id` int(10) NOT NULL AUTO_INCREMENT, AUTO_INCREMENT=4;

--
-- AUTO_INCREMENT for table `roles`
--
ALTER TABLE `roles`
  MODIFY `role_id` int(11) NOT NULL AUTO_INCREMENT, AUTO_INCREMENT=13;

--
-- AUTO_INCREMENT for table `salary`
--
ALTER TABLE `salary`
  MODIFY `salary_id` int(10) NOT NULL AUTO_INCREMENT, AUTO_INCREMENT=10;

--
-- AUTO_INCREMENT for table `sale`
--
ALTER TABLE `sale`
  MODIFY `sale_id` int(10) NOT NULL AUTO_INCREMENT, AUTO_INCREMENT=679;

--
-- AUTO_INCREMENT for table `staff`
--
ALTER TABLE `staff`
  MODIFY `staff_id` int(20) NOT NULL AUTO_INCREMENT, AUTO_INCREMENT=4;

--
-- AUTO_INCREMENT for table `supplier`
--
ALTER TABLE `supplier`
  MODIFY `supplier_id` int(32) NOT NULL AUTO_INCREMENT, AUTO_INCREMENT=16;

--
-- AUTO_INCREMENT for table `supplier_payment`
--
ALTER TABLE `supplier_payment`
  MODIFY `payment_id` int(10) NOT NULL AUTO_INCREMENT, AUTO_INCREMENT=3;
COMMIT;

/*!40101 SET CHARACTER_SET_CLIENT=@OLD_CHARACTER_SET_CLIENT */;
/*!40101 SET CHARACTER_SET_RESULTS=@OLD_CHARACTER_SET_RESULTS */;
/*!40101 SET COLLATION_CONNECTION=@OLD_COLLATION_CONNECTION */;
